Year,Electorate,Party,PVI
1996,Auckland Central,ACT,0.051237614
1996,Auckland Central,Alliance/Progressive,0.017490434
1996,Auckland Central,Conservative,-0.026207498
1996,Auckland Central,Labour,0.074062974
1996,Auckland Central,National,-0.072656394
1996,Auckland Central,NZ First,-0.064740747
1996,Auckland Central,Other,0.023582367
1996,Auckland Central,United,-0.00276875
1996,Banks Peninsula,ACT,-0.001385465
1996,Banks Peninsula,Alliance/Progressive,0.045449409
1996,Banks Peninsula,Conservative,-0.002217576
1996,Banks Peninsula,Labour,0.003370662
1996,Banks Peninsula,National,0.021345478
1996,Banks Peninsula,NZ First,-0.059262305
1996,Banks Peninsula,Other,-0.007129133
1996,Banks Peninsula,United,-0.00017107
1996,Botany,ACT,0.042216114
1996,Botany,Alliance/Progressive,-0.056725766
1996,Botany,Conservative,-0.003213318
1996,Botany,Labour,-0.106189968
1996,Botany,National,0.180565399
1996,Botany,NZ First,-0.045556307
1996,Botany,Other,-0.008126224
1996,Botany,United,-0.00296993
1996,Christchurch Central,ACT,-0.01629138
1996,Christchurch Central,Alliance/Progressive,0.06501237
1996,Christchurch Central,Conservative,-0.001326251
1996,Christchurch Central,Labour,0.025504979
1996,Christchurch Central,National,-0.020709386
1996,Christchurch Central,NZ First,-0.057477756
1996,Christchurch Central,Other,0.006059973
1996,Christchurch Central,United,-0.000772549
1996,Christchurch East,ACT,-0.027870297
1996,Christchurch East,Alliance/Progressive,0.065895275
1996,Christchurch East,Conservative,0.000995222
1996,Christchurch East,Labour,0.078763444
1996,Christchurch East,National,-0.070156144
1996,Christchurch East,NZ First,-0.045438817
1996,Christchurch East,Other,0.002080216
1996,Christchurch East,United,-0.0042689
1996,Coromandel,ACT,-0.015678096
1996,Coromandel,Alliance/Progressive,0.033365224
1996,Coromandel,Conservative,0.007085653
1996,Coromandel,Labour,-0.055795007
1996,Coromandel,National,-0.028213724
1996,Coromandel,NZ First,0.063832754
1996,Coromandel,Other,-0.003526684
1996,Coromandel,United,-0.00107012
1996,Dunedin,ACT,-0.018169327
1996,Dunedin,Alliance/Progressive,0.039992685
1996,Dunedin,Conservative,-0.008805758
1996,Dunedin,Labour,0.112866854
1996,Dunedin,National,-0.085057634
1996,Dunedin,NZ First,-0.063440617
1996,Dunedin,Other,0.009880996
1996,Dunedin,United,0.0127328
1996,East Cape,ACT,-0.014473587
1996,East Cape,Alliance/Progressive,-0.004121377
1996,East Cape,Conservative,0.004090742
1996,East Cape,Labour,-0.02887251
1996,East Cape,National,-0.002682837
1996,East Cape,NZ First,0.053852432
1996,East Cape,Other,-0.003523514
1996,East Cape,United,-0.00426935
1996,East Coast Bays,ACT,0.054737964
1996,East Coast Bays,Alliance/Progressive,-0.037115026
1996,East Coast Bays,Conservative,0.001195242
1996,East Coast Bays,Labour,-0.081452578
1996,East Coast Bays,National,0.101160988
1996,East Coast Bays,NZ First,-0.033037577
1996,East Coast Bays,Other,-0.002770083
1996,East Coast Bays,United,-0.00056853
1996,Epsom,ACT,0.156882882
1996,Epsom,Alliance/Progressive,-0.053930715
1996,Epsom,Conservative,-0.014815057
1996,Epsom,Labour,-0.083411982
1996,Epsom,National,0.066536439
1996,Epsom,NZ First,-0.077458666
1996,Epsom,Other,0.002868868
1996,Epsom,United,0.00332823
1996,Glendene,ACT,-0.016369146
1996,Glendene,Alliance/Progressive,-0.000811396
1996,Glendene,Conservative,0.012296353
1996,Glendene,Labour,0.071162684
1996,Glendene,National,-0.043753504
1996,Glendene,NZ First,-0.021636437
1996,Glendene,Other,0.004080416
1996,Glendene,United,-0.00496897
1996,Hamilton East,ACT,0.000338636
1996,Hamilton East,Alliance/Progressive,-0.012203693
1996,Hamilton East,Conservative,0.008501204
1996,Hamilton East,Labour,-0.012818919
1996,Hamilton East,National,0.043693319
1996,Hamilton East,NZ First,-0.024125804
1996,Hamilton East,Other,-0.002722873
1996,Hamilton East,United,-0.00046769
1996,Hamilton West,ACT,-0.010878576
1996,Hamilton West,Alliance/Progressive,-0.019629476
1996,Hamilton West,Conservative,0.008585503
1996,Hamilton West,Labour,-0.010599527
1996,Hamilton West,National,0.040379417
1996,Hamilton West,NZ First,0.001538983
1996,Hamilton West,Other,-0.006026434
1996,Hamilton West,United,-0.00336989
1996,Hauraki-Waikato,ACT,-0.051473587
1996,Hauraki-Waikato,Alliance/Progressive,-0.020521377
1996,Hauraki-Waikato,Conservative,-0.025409258
1996,Hauraki-Waikato,Labour,-0.02567251
1996,Hauraki-Waikato,National,-0.276382837
1996,Hauraki-Waikato,NZ First,0.350752432
1996,Hauraki-Waikato,Other,0.056176486
1996,Hauraki-Waikato,United,-0.00746935
1996,Henderson,ACT,-0.009673587
1996,Henderson,Alliance/Progressive,-0.018221377
1996,Henderson,Conservative,0.013290742
1996,Henderson,Labour,0.03922749
1996,Henderson,National,-0.009682837
1996,Henderson,NZ First,-0.015547568
1996,Henderson,Other,0.005776486
1996,Henderson,United,-0.00516935
1996,Hutt South,ACT,-0.004267936
1996,Hutt South,Alliance/Progressive,-0.001311446
1996,Hutt South,Conservative,0.002695393
1996,Hutt South,Labour,0.029758543
1996,Hutt South,National,0.029553827
1996,Hutt South,NZ First,-0.057239997
1996,Hutt South,Other,-0.008120804
1996,Hutt South,United,0.00893242
1996,Ikaroa-Rāwhiti,ACT,-0.048073587
1996,Ikaroa-Rāwhiti,Alliance/Progressive,-0.015121377
1996,Ikaroa-Rāwhiti,Conservative,-0.024809258
1996,Ikaroa-Rāwhiti,Labour,0.06882749
1996,Ikaroa-Rāwhiti,National,-0.284482837
1996,Ikaroa-Rāwhiti,NZ First,0.245252432
1996,Ikaroa-Rāwhiti,Other,0.066176486
1996,Ikaroa-Rāwhiti,United,-0.00776935
1996,Ilam,ACT,0.019226413
1996,Ilam,Alliance/Progressive,-0.015321377
1996,Ilam,Conservative,-0.001409258
1996,Ilam,Labour,-0.04177251
1996,Ilam,National,0.100117163
1996,Ilam,NZ First,-0.055147568
1996,Ilam,Other,-0.015423514
1996,Ilam,United,0.00973065
1996,Invercargill,ACT,-0.023377327
1996,Invercargill,Alliance/Progressive,-0.011630276
1996,Invercargill,Conservative,0.007985563
1996,Invercargill,Labour,0.008498563
1996,Invercargill,National,0.033480107
1996,Invercargill,NZ First,-0.005160347
1996,Invercargill,Other,-0.005826454
1996,Invercargill,United,-0.00396983
1996,Kaikōura,ACT,-0.002673587
1996,Kaikōura,Alliance/Progressive,0.033078623
1996,Kaikōura,Conservative,0.000690742
1996,Kaikōura,Labour,-0.05217251
1996,Kaikōura,National,0.023117163
1996,Kaikōura,NZ First,0.010352432
1996,Kaikōura,Other,-0.008120995
1996,Kaikōura,United,-0.00286935
1996,Kaipara ki Mahurangi,ACT,0.023751771
1996,Kaipara ki Mahurangi,Alliance/Progressive,-0.018196649
1996,Kaipara ki Mahurangi,Conservative,0.017109018
1996,Kaipara ki Mahurangi,Labour,-0.092416003
1996,Kaipara ki Mahurangi,National,0.050933568
1996,Kaipara ki Mahurangi,NZ First,0.019698226
1996,Kaipara ki Mahurangi,Other,0.000981469
1996,Kaipara ki Mahurangi,United,-0.001667219
1996,Kapiti,ACT,-0.005273587
1996,Kapiti,Alliance/Progressive,0.009978623
1996,Kapiti,Conservative,0.006090742
1996,Kapiti,Labour,-0.01557251
1996,Kapiti,National,0.037317163
1996,Kapiti,NZ First,-0.033847568
1996,Kapiti,Other,-0.002323514
1996,Kapiti,United,0.00363065
1996,Kenepuru,ACT,-0.014268936
1996,Kenepuru,Alliance/Progressive,-0.001011416
1996,Kenepuru,Conservative,0.000895212
1996,Kenepuru,Labour,0.073862954
1996,Kenepuru,National,-0.002849413
1996,Kenepuru,NZ First,-0.060440317
1996,Kenepuru,Other,-0.005020494
1996,Kenepuru,United,0.00883241
1996,Māngere,ACT,-0.041873587
1996,Māngere,Alliance/Progressive,-0.013721377
1996,Māngere,Conservative,-0.013509258
1996,Māngere,Labour,0.27492749
1996,Māngere,National,-0.171282837
1996,Māngere,NZ First,-0.034147568
1996,Māngere,Other,0.004070666
1996,Māngere,United,-0.00426935
1996,Manurewa,ACT,-0.025773587
1996,Manurewa,Alliance/Progressive,-0.014621377
1996,Manurewa,Conservative,0.000390742
1996,Manurewa,Labour,0.09512749
1996,Manurewa,National,-0.059982837
1996,Manurewa,NZ First,0.004052432
1996,Manurewa,Other,0.002270666
1996,Manurewa,United,-0.00126935
1996,Maungakiekie,ACT,0.022734764
1996,Maungakiekie,Alliance/Progressive,-0.019713286
1996,Maungakiekie,Conservative,-0.005505428
1996,Maungakiekie,Labour,0.037059273
1996,Maungakiekie,National,-0.003049433
1996,Maungakiekie,NZ First,-0.032237497
1996,Maungakiekie,Other,0.002180226
1996,Maungakiekie,United,-0.00146862
1996,Mt Albert,ACT,0.016126413
1996,Mt Albert,Alliance/Progressive,-0.013121377
1996,Mt Albert,Conservative,-0.008109258
1996,Mt Albert,Labour,0.08852749
1996,Mt Albert,National,-0.035582837
1996,Mt Albert,NZ First,-0.058247568
1996,Mt Albert,Other,0.011376486
1996,Mt Albert,United,-0.00096935
1996,Mt Maunganui,ACT,-0.018765185
1996,Mt Maunganui,Alliance/Progressive,-0.026506554
1996,Mt Maunganui,Conservative,0.014302364
1996,Mt Maunganui,Labour,-0.066329621
1996,Mt Maunganui,National,-0.002715963
1996,Mt Maunganui,NZ First,0.111501322
1996,Mt Maunganui,Other,-0.007617993
1996,Mt Maunganui,United,-0.00386837
1996,Mt Roskill,ACT,-0.002073587
1996,Mt Roskill,Alliance/Progressive,-0.022721377
1996,Mt Roskill,Conservative,0.020890742
1996,Mt Roskill,Labour,0.04312749
1996,Mt Roskill,National,-0.000382837
1996,Mt Roskill,NZ First,-0.036147568
1996,Mt Roskill,Other,-0.001529334
1996,Mt Roskill,United,-0.00096935
1996,Napier,ACT,-0.002579406
1996,Napier,Alliance/Progressive,0.017166844
1996,Napier,Conservative,-0.007212918
1996,Napier,Labour,0.034395973
1996,Napier,National,-0.034413104
1996,Napier,NZ First,-0.006760187
1996,Napier,Other,0.003072656
1996,Napier,United,-0.00366986
1996,Nelson,ACT,-0.005873587
1996,Nelson,Alliance/Progressive,0.020978623
1996,Nelson,Conservative,0.017490742
1996,Nelson,Labour,0.04362749
1996,Nelson,National,-0.036882837
1996,Nelson,NZ First,-0.034547568
1996,Nelson,Other,-0.002629334
1996,Nelson,United,-0.00196935
1996,New Plymouth,ACT,-0.015069016
1996,New Plymouth,Alliance/Progressive,-0.005011816
1996,New Plymouth,Conservative,0.003895513
1996,New Plymouth,Labour,-0.001144547
1996,New Plymouth,National,0.031954067
1996,New Plymouth,NZ First,-0.012435517
1996,New Plymouth,Other,-0.000220014
1996,New Plymouth,United,-0.00196867
1996,North Shore,ACT,0.076426413
1996,North Shore,Alliance/Progressive,-0.042621377
1996,North Shore,Conservative,-0.010909258
1996,North Shore,Labour,-0.07547251
1996,North Shore,National,0.092417163
1996,North Shore,NZ First,-0.036147568
1996,North Shore,Other,-0.007629334
1996,North Shore,United,0.00413065
1996,Northcote,ACT,0.041416194
1996,Northcote,Alliance/Progressive,-0.009930446
1996,Northcote,Conservative,-0.004513188
1996,Northcote,Labour,-0.036896897
1996,Northcote,National,0.047178737
1996,Northcote,NZ First,-0.037557107
1996,Northcote,Other,-0.004132424
1996,Northcote,United,0.00462931
1996,Northland,ACT,0.007219614
1996,Northland,Alliance/Progressive,0.008967664
1996,Northland,Conservative,0.001886173
1996,Northland,Labour,-0.085392048
1996,Northland,National,-0.007715773
1996,Northland,NZ First,0.081830954
1996,Northland,Other,-0.002832554
1996,Northland,United,-0.00376985
1996,Ōtāhuhu,ACT,-0.032667966
1996,Ōtāhuhu,Alliance/Progressive,-0.023906034
1996,Ōtāhuhu,Conservative,-0.012703037
1996,Ōtāhuhu,Labour,0.21742713
1996,Ōtāhuhu,National,-0.127640948
1996,Ōtāhuhu,NZ First,-0.018924763
1996,Ōtāhuhu,Other,0.001477967
1996,Ōtāhuhu,United,-0.00286817
1996,Pakuranga,ACT,0.050626413
1996,Pakuranga,Alliance/Progressive,-0.043921377
1996,Pakuranga,Conservative,0.001390742
1996,Pakuranga,Labour,-0.09237251
1996,Pakuranga,National,0.114317163
1996,Pakuranga,NZ First,-0.023147568
1996,Pakuranga,Other,-0.005329334
1996,Pakuranga,United,-0.00136935
1996,Palmerston North,ACT,-0.017069217
1996,Palmerston North,Alliance/Progressive,0.014290114
1996,Palmerston North,Conservative,0.014796603
1996,Palmerston North,Labour,0.029358503
1996,Palmerston North,National,-0.009750103
1996,Palmerston North,NZ First,-0.027236997
1996,Palmerston North,Other,-0.002426074
1996,Palmerston North,United,-0.00176865
1996,Papakura,ACT,0.007840136
1996,Papakura,Alliance/Progressive,-0.036408534
1996,Papakura,Conservative,0.000999704
1996,Papakura,Labour,-0.068430041
1996,Papakura,National,0.07079874
1996,Papakura,NZ First,0.008280678
1996,Papakura,Other,-0.003517173
1996,Papakura,United,0.020436491
1996,Port Waikato,ACT,0.011426413
1996,Port Waikato,Alliance/Progressive,-0.029321377
1996,Port Waikato,Conservative,-0.004409258
1996,Port Waikato,Labour,-0.09377251
1996,Port Waikato,National,0.084717163
1996,Port Waikato,NZ First,0.032052432
1996,Port Waikato,Other,-0.006923514
1996,Port Waikato,United,0.00623065
1996,Rangitata,ACT,-0.010273587
1996,Rangitata,Alliance/Progressive,0.022678623
1996,Rangitata,Conservative,-0.011109258
1996,Rangitata,Labour,0.01392749
1996,Rangitata,National,0.013217163
1996,Rangitata,NZ First,-0.018247568
1996,Rangitata,Other,-0.007393766
1996,Rangitata,United,-0.00256935
1996,Rangitīkei,ACT,-0.017877877
1996,Rangitīkei,Alliance/Progressive,0.021666394
1996,Rangitīkei,Conservative,0.011585203
1996,Rangitīkei,Labour,-0.015699017
1996,Rangitīkei,National,-0.004516093
1996,Rangitīkei,NZ First,0.017537384
1996,Rangitīkei,Other,-0.008831954
1996,Rangitīkei,United,-0.00366986
1996,Remutaka,ACT,-0.024877177
1996,Remutaka,Alliance/Progressive,0.012767284
1996,Remutaka,Conservative,0.008785483
1996,Remutaka,Labour,0.054094004
1996,Remutaka,National,-0.006115933
1996,Remutaka,NZ First,-0.036657197
1996,Remutaka,Other,-0.007826254
1996,Remutaka,United,-0.00017021
1996,Rotorua,ACT,-0.012864005
1996,Rotorua,Alliance/Progressive,-0.006802613
1996,Rotorua,Conservative,0.008601224
1996,Rotorua,Labour,-0.058628081
1996,Rotorua,National,0.025489678
1996,Rotorua,NZ First,0.0538898
1996,Rotorua,Other,-0.006917853
1996,Rotorua,United,-0.00276815
1996,Selwyn,ACT,0.007919544
1996,Selwyn,Alliance/Progressive,0.001768384
1996,Selwyn,Conservative,-0.001913448
1996,Selwyn,Labour,-0.082792308
1996,Selwyn,National,0.117571698
1996,Selwyn,NZ First,-0.030557807
1996,Selwyn,Other,-0.011725864
1996,Selwyn,United,-0.0002702
1996,Southland,ACT,0.005819754
1996,Southland,Alliance/Progressive,-0.026628776
1996,Southland,Conservative,0.018684493
1996,Southland,Labour,-0.088691718
1996,Southland,National,0.109772478
1996,Southland,NZ First,-0.010659797
1996,Southland,Other,-0.006126424
1996,Southland,United,-0.00217001
1996,Taieri,ACT,-0.032981924
1996,Taieri,Alliance/Progressive,0.029739515
1996,Taieri,Conservative,-0.007220235
1996,Taieri,Labour,0.094214994
1996,Taieri,National,-0.059965972
1996,Taieri,NZ First,-0.035476809
1996,Taieri,Other,-0.003233111
1996,Taieri,United,0.014923542
1996,Takanini,ACT,-0.001773587
1996,Takanini,Alliance/Progressive,-0.033821377
1996,Takanini,Conservative,0.002090742
1996,Takanini,Labour,0.01182749
1996,Takanini,National,0.034717163
1996,Takanini,NZ First,-0.015847568
1996,Takanini,Other,-0.002223514
1996,Takanini,United,0.00503065
1996,Tāmaki,ACT,0.115744065
1996,Tāmaki,Alliance/Progressive,-0.053016616
1996,Tāmaki,Conservative,-0.017306608
1996,Tāmaki,Labour,-0.073251758
1996,Tāmaki,National,0.087459618
1996,Tāmaki,NZ First,-0.050239297
1996,Tāmaki,Other,-0.009120904
1996,Tāmaki,United,-0.0002685
1996,Tāmaki Makaurau,ACT,-0.050875567
1996,Tāmaki Makaurau,Alliance/Progressive,-0.020537394
1996,Tāmaki Makaurau,Conservative,-0.028712277
1996,Tāmaki Makaurau,Labour,0.130245287
1996,Tāmaki Makaurau,National,-0.281293994
1996,Tāmaki Makaurau,NZ First,0.205284786
1996,Tāmaki Makaurau,Other,0.053988438
1996,Tāmaki Makaurau,United,-0.00786953
1996,Taranaki-King Country,ACT,0.006626413
1996,Taranaki-King Country,Alliance/Progressive,-0.019321377
1996,Taranaki-King Country,Conservative,0.006490742
1996,Taranaki-King Country,Labour,-0.10397251
1996,Taranaki-King Country,National,0.095817163
1996,Taranaki-King Country,NZ First,0.024852432
1996,Taranaki-King Country,Other,-0.008323514
1996,Taranaki-King Country,United,-0.00216935
1996,Taupō,ACT,-0.010273587
1996,Taupō,Alliance/Progressive,-0.022321377
1996,Taupō,Conservative,-0.001609258
1996,Taupō,Labour,-0.01847251
1996,Taupō,National,0.035117163
1996,Taupō,NZ First,0.028052432
1996,Taupō,Other,-0.007323514
1996,Taupō,United,-0.00316935
1996,Tauranga,ACT,-0.015069016
1996,Tauranga,Alliance/Progressive,-0.038015116
1996,Tauranga,Conservative,0.031898313
1996,Tauranga,Labour,-0.075351968
1996,Tauranga,National,-0.012350363
1996,Tauranga,NZ First,0.126778405
1996,Tauranga,Other,-0.014421434
1996,Tauranga,United,-0.00346882
1996,Te Tai Hauāuru,ACT,-0.050273587
1996,Te Tai Hauāuru,Alliance/Progressive,-0.015321377
1996,Te Tai Hauāuru,Conservative,-0.025009258
1996,Te Tai Hauāuru,Labour,0.04112749
1996,Te Tai Hauāuru,National,-0.279982837
1996,Te Tai Hauāuru,NZ First,0.258252432
1996,Te Tai Hauāuru,Other,0.079076486
1996,Te Tai Hauāuru,United,-0.00786935
1996,Te Tai Tokerau,ACT,-0.051472657
1996,Te Tai Tokerau,Alliance/Progressive,-0.018813196
1996,Te Tai Tokerau,Conservative,-0.025807458
1996,Te Tai Tokerau,Labour,-0.045849017
1996,Te Tai Tokerau,National,-0.273576486
1996,Te Tai Tokerau,NZ First,0.379503677
1996,Te Tai Tokerau,Other,0.044214155
1996,Te Tai Tokerau,United,-0.00796927
1996,Te Tai Tonga,ACT,-0.048573587
1996,Te Tai Tonga,Alliance/Progressive,0.016478623
1996,Te Tai Tonga,Conservative,-0.022509258
1996,Te Tai Tonga,Labour,0.05902749
1996,Te Tai Tonga,National,-0.248282837
1996,Te Tai Tonga,NZ First,0.192752432
1996,Te Tai Tonga,Other,0.057176486
1996,Te Tai Tonga,United,-0.00606935
1996,Tukituki,ACT,0.006219714
1996,Tukituki,Alliance/Progressive,-0.004430996
1996,Tukituki,Conservative,0.007285633
1996,Tukituki,Labour,0.023397073
1996,Tukituki,National,-0.010215523
1996,Tukituki,NZ First,-0.021158747
1996,Tukituki,Other,0.002672696
1996,Tukituki,United,-0.00376985
1996,Upper Harbour,ACT,0.035707117
1996,Upper Harbour,Alliance/Progressive,-0.038333834
1996,Upper Harbour,Conservative,0.002181544
1996,Upper Harbour,Labour,-0.073314001
1996,Upper Harbour,National,0.117826182
1996,Upper Harbour,NZ First,-0.036866784
1996,Upper Harbour,Other,-0.005629433
1996,Upper Harbour,United,-0.00157079
1996,Waiariki,ACT,-0.051772687
1996,Waiariki,Alliance/Progressive,-0.040915406
1996,Waiariki,Conservative,-0.024007278
1996,Waiariki,Labour,-0.001244557
1996,Waiariki,National,-0.292678396
1996,Waiariki,NZ First,0.373403067
1996,Waiariki,Other,0.045384547
1996,Waiariki,United,-0.00816929
1996,Waikato,ACT,0.014426413
1996,Waikato,Alliance/Progressive,-0.025021377
1996,Waikato,Conservative,0.008090742
1996,Waikato,Labour,-0.07957251
1996,Waikato,National,0.072517163
1996,Waikato,NZ First,0.020252432
1996,Waikato,Other,-0.009529334
1996,Waikato,United,-0.00096935
1996,Waimakariri,ACT,-0.020273587
1996,Waimakariri,Alliance/Progressive,0.016078623
1996,Waimakariri,Conservative,0.003890742
1996,Waimakariri,Labour,0.00892749
1996,Waimakariri,National,0.031917163
1996,Waimakariri,NZ First,-0.026747568
1996,Waimakariri,Other,-0.010429334
1996,Waimakariri,United,-0.00316935
1996,Wairarapa,ACT,0.005919744
1996,Wairarapa,Alliance/Progressive,0.028165744
1996,Wairarapa,Conservative,-0.004013238
1996,Wairarapa,Labour,-0.039396647
1996,Wairarapa,National,-0.003516193
1996,Wairarapa,NZ First,0.020937044
1996,Wairarapa,Other,-0.005426494
1996,Wairarapa,United,-0.00266996
1996,Waitākere,ACT,0.005119824
1996,Waitākere,Alliance/Progressive,-0.006830756
1996,Waitākere,Conservative,0.003785983
1996,Waitākere,Labour,0.014597953
1996,Waitākere,National,0.002683187
1996,Waitākere,NZ First,-0.025458317
1996,Waitākere,Other,0.009366226
1996,Waitākere,United,-0.00306992
1996,Waitaki,ACT,-0.007568266
1996,Waitaki,Alliance/Progressive,0.018190504
1996,Waitaki,Conservative,-0.003205198
1996,Waitaki,Labour,0.010856653
1996,Waitaki,National,0.004451317
1996,Waitaki,NZ First,-0.014835757
1996,Waitaki,Other,-0.005590826
1996,Waitaki,United,-0.00206868
1996,Wellington Bays,ACT,-0.009083925
1996,Wellington Bays,Alliance/Progressive,0.015855328
1996,Wellington Bays,Conservative,-0.012715477
1996,Wellington Bays,Labour,0.051760984
1996,Wellington Bays,National,0.010447657
1996,Wellington Bays,NZ First,-0.071759805
1996,Wellington Bays,Other,0.006962268
1996,Wellington Bays,United,0.008727151
1996,Wellington North,ACT,0.006346549
1996,Wellington North,Alliance/Progressive,-0.012094819
1996,Wellington North,Conservative,-0.019201876
1996,Wellington North,Labour,-0.021894846
1996,Wellington North,National,0.122755115
1996,Wellington North,NZ First,-0.095736405
1996,Wellington North,Other,-0.000118861
1996,Wellington North,United,0.020139323
1996,West Coast-Tasman,ACT,-0.023269837
1996,West Coast-Tasman,Alliance/Progressive,0.062194905
1996,West Coast-Tasman,Conservative,-0.003405218
1996,West Coast-Tasman,Labour,0.029258493
1996,West Coast-Tasman,National,-0.051854314
1996,West Coast-Tasman,NZ First,-0.010235297
1996,West Coast-Tasman,Other,0.001980206
1996,West Coast-Tasman,United,-0.00466894
1996,Whanganui,ACT,-0.016273587
1996,Whanganui,Alliance/Progressive,0.024278623
1996,Whanganui,Conservative,0.006890742
1996,Whanganui,Labour,-0.03017251
1996,Whanganui,National,0.007217163
1996,Whanganui,NZ First,0.016252432
1996,Whanganui,Other,-0.005723514
1996,Whanganui,United,-0.00246935
1996,Whangaparāoa,ACT,0.023634854
1996,Whangaparāoa,Alliance/Progressive,-0.021413456
1996,Whangaparāoa,Conservative,0.010496173
1996,Whangaparāoa,Labour,-0.075952028
1996,Whangaparāoa,National,0.050855957
1996,Whangaparāoa,NZ First,0.022167944
1996,Whangaparāoa,Other,-0.007626594
1996,Whangaparāoa,United,-0.00196867
1996,Whangārei,ACT,0.004619874
1996,Whangārei,Alliance/Progressive,-0.014330006
1996,Whangārei,Conservative,0.006085753
1996,Whangārei,Labour,-0.045296057
1996,Whangārei,National,-0.004216123
1996,Whangārei,NZ First,0.064132724
1996,Whangārei,Other,-0.007132124
1996,Whangārei,United,-0.00366986
1996,Wigram,ACT,-0.029582944
1996,Wigram,Alliance/Progressive,0.08232374
1996,Wigram,Conservative,0.003176646
1996,Wigram,Labour,0.029934278
1996,Wigram,National,-0.030274879
1996,Wigram,NZ First,-0.04887279
1996,Wigram,Other,-0.007731761
1996,Wigram,United,0.001027711
1999,Auckland Central,ACT,0.024550798
1999,Auckland Central,Alliance/Progressive,-0.006843012
1999,Auckland Central,Conservative,-0.020812976
1999,Auckland Central,Green,0.083628369
1999,Auckland Central,Labour,0.012560884
1999,Auckland Central,National,-0.064722992
1999,Auckland Central,NZ First,-0.021528429
1999,Auckland Central,Other,-0.005527457
1999,Auckland Central,United,-0.001305185
1999,Banks Peninsula,ACT,-0.005468066
1999,Banks Peninsula,Alliance/Progressive,0.007243025
1999,Banks Peninsula,Conservative,-0.002915737
1999,Banks Peninsula,Green,0.019901424
1999,Banks Peninsula,Labour,-0.009518371
1999,Banks Peninsula,National,0.023929539
1999,Banks Peninsula,NZ First,-0.02153257
1999,Banks Peninsula,Other,-0.011933258
1999,Banks Peninsula,United,0.000294015
1999,Botany,ACT,0.057519205
1999,Botany,Alliance/Progressive,-0.042160425
1999,Botany,Conservative,-0.007418457
1999,Botany,Green,-0.023901296
1999,Botany,Labour,-0.125744169
1999,Botany,National,0.171182213
1999,Botany,NZ First,-0.0109357
1999,Botany,Other,-0.017934918
1999,Botany,United,-0.000606455
1999,Christchurch Central,ACT,-0.018368066
1999,Christchurch Central,Alliance/Progressive,0.036343025
1999,Christchurch Central,Conservative,0.000984263
1999,Christchurch Central,Green,0.015101424
1999,Christchurch Central,Labour,0.004681629
1999,Christchurch Central,National,-0.019670461
1999,Christchurch Central,NZ First,-0.01803257
1999,Christchurch Central,Other,-0.000533258
1999,Christchurch Central,United,-0.000505985
1999,Christchurch East,ACT,-0.033575305
1999,Christchurch East,Alliance/Progressive,0.036020489
1999,Christchurch East,Conservative,0.002376864
1999,Christchurch East,Green,0.002590686
1999,Christchurch East,Labour,0.074290027
1999,Christchurch East,National,-0.063618152
1999,Christchurch East,NZ First,-0.018637289
1999,Christchurch East,Other,0.001559523
1999,Christchurch East,United,-0.001006845
1999,Coromandel,ACT,-0.008080404
1999,Coromandel,Alliance/Progressive,-0.011170072
1999,Coromandel,Conservative,-0.001122436
1999,Coromandel,Green,0.023886427
1999,Coromandel,Labour,-0.024290257
1999,Coromandel,National,0.004468231
1999,Coromandel,NZ First,0.024754033
1999,Coromandel,Other,-0.007638637
1999,Coromandel,United,-0.000806885
1999,Dunedin,ACT,-0.022977424
1999,Dunedin,Alliance/Progressive,0.04451879
1999,Dunedin,Conservative,-0.009220816
1999,Dunedin,Green,0.022286747
1999,Dunedin,Labour,0.089786928
1999,Dunedin,National,-0.093512173
1999,Dunedin,NZ First,-0.028235369
1999,Dunedin,Other,-0.002239717
1999,Dunedin,United,-0.000406965
1999,East Cape,ACT,-0.012173825
1999,East Cape,Alliance/Progressive,0.004134946
1999,East Cape,Conservative,0.005480253
1999,East Cape,Green,-0.007502936
1999,East Cape,Labour,-0.004256318
1999,East Cape,National,-0.000200648
1999,East Cape,NZ First,0.018661341
1999,East Cape,Other,-0.002536458
1999,East Cape,United,-0.001606355
1999,East Coast Bays,ACT,0.062331934
1999,East Coast Bays,Alliance/Progressive,-0.023156975
1999,East Coast Bays,Conservative,-0.000915737
1999,East Coast Bays,Green,-0.006298576
1999,East Coast Bays,Labour,-0.100218371
1999,East Coast Bays,National,0.096429539
1999,East Coast Bays,NZ First,-0.01183257
1999,East Coast Bays,Other,-0.017933258
1999,East Coast Bays,United,0.001594015
1999,Epsom,ACT,0.089947906
1999,Epsom,Alliance/Progressive,-0.041653475
1999,Epsom,Conservative,-0.017314007
1999,Epsom,Green,0.010607595
1999,Epsom,Labour,-0.122992299
1999,Epsom,National,0.116871433
1999,Epsom,NZ First,-0.02003035
1999,Epsom,Other,-0.015631368
1999,Epsom,United,0.000194565
1999,Glendene,ACT,-0.019073136
1999,Glendene,Alliance/Progressive,0.011634196
1999,Glendene,Conservative,0.000480753
1999,Glendene,Green,-0.014202266
1999,Glendene,Labour,0.123930864
1999,Glendene,National,-0.084492219
1999,Glendene,NZ First,-0.01013578
1999,Glendene,Other,-0.007635948
1999,Glendene,United,-0.000506465
1999,Hamilton East,ACT,0.016331934
1999,Hamilton East,Alliance/Progressive,-0.000656975
1999,Hamilton East,Conservative,0.001984263
1999,Hamilton East,Green,0.001601424
1999,Hamilton East,Labour,-0.041518371
1999,Hamilton East,National,0.032629539
1999,Hamilton East,NZ First,-0.00473257
1999,Hamilton East,Other,-0.005333258
1999,Hamilton East,United,-0.000305985
1999,Hamilton West,ACT,0.003846657
1999,Hamilton West,Alliance/Progressive,0.004659288
1999,Hamilton West,Conservative,0.003191824
1999,Hamilton West,Green,-0.008590074
1999,Hamilton West,Labour,-0.015644757
1999,Hamilton West,National,0.018993752
1999,Hamilton West,NZ First,-0.000324188
1999,Hamilton West,Other,-0.003927137
1999,Hamilton West,United,-0.002205365
1999,Hauraki-Waikato,ACT,-0.061468896
1999,Hauraki-Waikato,Alliance/Progressive,-0.017262914
1999,Hauraki-Waikato,Conservative,-0.020617137
1999,Hauraki-Waikato,Green,-0.001803506
1999,Hauraki-Waikato,Labour,0.151428114
1999,Hauraki-Waikato,National,-0.253075361
1999,Hauraki-Waikato,NZ First,0.089154291
1999,Hauraki-Waikato,Other,0.118551433
1999,Hauraki-Waikato,United,-0.004906025
1999,Henderson,ACT,-0.010256164
1999,Henderson,Alliance/Progressive,0.008960148
1999,Henderson,Conservative,0.004292045
1999,Henderson,Green,-0.015591475
1999,Henderson,Labour,0.070672507
1999,Henderson,National,-0.042618571
1999,Henderson,NZ First,-0.009125949
1999,Henderson,Other,-0.005927537
1999,Henderson,United,-0.000405005
1999,Hutt South,ACT,0.001946277
1999,Hutt South,Alliance/Progressive,-0.005742792
1999,Hutt South,Conservative,0.004192025
1999,Hutt South,Green,-0.003389034
1999,Hutt South,Labour,0.005159404
1999,Hutt South,National,0.016493251
1999,Hutt South,NZ First,-0.019127949
1999,Hutt South,Other,-0.006027557
1999,Hutt South,United,0.006496375
1999,Ikaroa-Rāwhiti,ACT,-0.064767566
1999,Ikaroa-Rāwhiti,Alliance/Progressive,-0.015650874
1999,Ikaroa-Rāwhiti,Conservative,-0.013213597
1999,Ikaroa-Rāwhiti,Green,-0.014494916
1999,Ikaroa-Rāwhiti,Labour,0.203640364
1999,Ikaroa-Rāwhiti,National,-0.260866341
1999,Ikaroa-Rāwhiti,NZ First,0.075379191
1999,Ikaroa-Rāwhiti,Other,0.094379633
1999,Ikaroa-Rāwhiti,United,-0.004405895
1999,Ilam,ACT,0.021031934
1999,Ilam,Alliance/Progressive,-0.012256975
1999,Ilam,Conservative,0.001584263
1999,Ilam,Green,-0.009398576
1999,Ilam,Labour,-0.079418371
1999,Ilam,National,0.103129539
1999,Ilam,NZ First,-0.01773257
1999,Ilam,Other,-0.008633258
1999,Ilam,United,0.001694015
1999,Invercargill,ACT,-0.027080872
1999,Invercargill,Alliance/Progressive,0.014315733
1999,Invercargill,Conservative,0.000673676
1999,Invercargill,Green,-0.021007603
1999,Invercargill,Labour,0.025358905
1999,Invercargill,National,0.022032308
1999,Invercargill,NZ First,-0.012141597
1999,Invercargill,Other,0.000735582
1999,Invercargill,United,-0.002506825
1999,Kaikōura,ACT,-0.004668066
1999,Kaikōura,Alliance/Progressive,0.006643025
1999,Kaikōura,Conservative,0.005384263
1999,Kaikōura,Green,0.015001424
1999,Kaikōura,Labour,-0.035718371
1999,Kaikōura,National,0.025429539
1999,Kaikōura,NZ First,-0.00663257
1999,Kaikōura,Other,-0.005833258
1999,Kaikōura,United,0.000394015
1999,Kaipara ki Mahurangi,ACT,0.041031934
1999,Kaipara ki Mahurangi,Alliance/Progressive,-0.021256975
1999,Kaipara ki Mahurangi,Conservative,0.006584263
1999,Kaipara ki Mahurangi,Green,0.018901424
1999,Kaipara ki Mahurangi,Labour,-0.099118371
1999,Kaipara ki Mahurangi,National,0.055229539
1999,Kaipara ki Mahurangi,NZ First,0.00976743
1999,Kaipara ki Mahurangi,Other,-0.009733258
1999,Kaipara ki Mahurangi,United,-0.001405985
1999,Kapiti,ACT,-0.006855484
1999,Kapiti,Alliance/Progressive,-0.000241692
1999,Kapiti,Conservative,0.005292245
1999,Kapiti,Green,-0.002988954
1999,Kapiti,Labour,-0.026446917
1999,Kapiti,National,0.047799513
1999,Kapiti,NZ First,-0.011826489
1999,Kapiti,Other,-0.008928137
1999,Kapiti,United,0.004195915
1999,Kenepuru,ACT,-0.015062596
1999,Kenepuru,Alliance/Progressive,-0.007050014
1999,Kenepuru,Conservative,0.002888013
1999,Kenepuru,Green,-0.014994966
1999,Kenepuru,Labour,0.051425143
1999,Kenepuru,National,-0.007440998
1999,Kenepuru,NZ First,-0.02043039
1999,Kenepuru,Other,-0.003930198
1999,Kenepuru,United,0.014596005
1999,Māngere,ACT,-0.049070136
1999,Māngere,Alliance/Progressive,0.003435016
1999,Māngere,Conservative,-0.012017997
1999,Māngere,Green,-0.027000986
1999,Māngere,Labour,0.289214335
1999,Māngere,National,-0.19348132
1999,Māngere,NZ First,-0.01433536
1999,Māngere,Other,0.006562632
1999,Māngere,United,-0.003306185
1999,Manurewa,ACT,-0.026668066
1999,Manurewa,Alliance/Progressive,-0.005756975
1999,Manurewa,Conservative,-0.000415737
1999,Manurewa,Green,-0.017098576
1999,Manurewa,Labour,0.138881629
1999,Manurewa,National,-0.081170461
1999,Manurewa,NZ First,-0.00523257
1999,Manurewa,Other,6.6742E-05
1999,Manurewa,United,-0.002605985
1999,Maungakiekie,ACT,0.011548197
1999,Maungakiekie,Alliance/Progressive,-0.013444333
1999,Maungakiekie,Conservative,-0.007810376
1999,Maungakiekie,Green,-0.007489854
1999,Maungakiekie,Labour,0.047767926
1999,Maungakiekie,National,-0.01071219
1999,Maungakiekie,NZ First,-0.012526629
1999,Maungakiekie,Other,-0.008227997
1999,Maungakiekie,United,0.000895255
1999,Mt Albert,ACT,0.000724885
1999,Mt Albert,Alliance/Progressive,-0.008663774
1999,Mt Albert,Conservative,-0.009518247
1999,Mt Albert,Green,0.019094405
1999,Mt Albert,Labour,0.087434513
1999,Mt Albert,National,-0.058994769
1999,Mt Albert,NZ First,-0.0199348
1999,Mt Albert,Other,-0.010435668
1999,Mt Albert,United,0.000293455
1999,Mt Maunganui,ACT,-0.011073935
1999,Mt Maunganui,Alliance/Progressive,-0.032061435
1999,Mt Maunganui,Conservative,0.019678834
1999,Mt Maunganui,Green,0.002896024
1999,Mt Maunganui,Labour,-0.047551988
1999,Mt Maunganui,National,0.011498182
1999,Mt Maunganui,NZ First,0.067556451
1999,Mt Maunganui,Other,-0.009935718
1999,Mt Maunganui,United,-0.001006415
1999,Mt Roskill,ACT,-0.005868066
1999,Mt Roskill,Alliance/Progressive,-0.012856975
1999,Mt Roskill,Conservative,0.010384263
1999,Mt Roskill,Green,-0.014998576
1999,Mt Roskill,Labour,0.075281629
1999,Mt Roskill,National,-0.031270461
1999,Mt Roskill,NZ First,-0.01113257
1999,Mt Roskill,Other,-0.010833258
1999,Mt Roskill,United,0.001294015
1999,Napier,ACT,-0.007055524
1999,Napier,Alliance/Progressive,0.025763509
1999,Napier,Conservative,-0.003109436
1999,Napier,Green,-0.007489854
1999,Napier,Labour,0.041566686
1999,Napier,National,-0.02611527
1999,Napier,NZ First,-0.014427009
1999,Napier,Other,-0.006827717
1999,Napier,United,-0.002305385
1999,Nelson,ACT,-0.015751861
1999,Nelson,Alliance/Progressive,0.012169673
1999,Nelson,Conservative,0.016699658
1999,Nelson,Green,0.030826001
1999,Nelson,Labour,0.026604726
1999,Nelson,National,-0.042192498
1999,Nelson,NZ First,-0.021626388
1999,Nelson,Other,-0.005324495
1999,Nelson,United,-0.001404815
1999,New Plymouth,ACT,-0.012873756
1999,New Plymouth,Alliance/Progressive,-0.003464294
1999,New Plymouth,Conservative,0.004880313
1999,New Plymouth,Green,0.001796134
1999,New Plymouth,Labour,0.019041353
1999,New Plymouth,National,-0.002800388
1999,New Plymouth,NZ First,-0.00363643
1999,New Plymouth,Other,-0.001436568
1999,New Plymouth,United,-0.001506365
1999,North Shore,ACT,0.07276044
1999,North Shore,Alliance/Progressive,-0.030647773
1999,North Shore,Conservative,-0.008310476
1999,North Shore,Green,-0.001788714
1999,North Shore,Labour,-0.09866136
1999,North Shore,National,0.091008154
1999,North Shore,NZ First,-0.009426009
1999,North Shore,Other,-0.017029757
1999,North Shore,United,0.002095495
1999,Northcote,ACT,0.033511278
1999,Northcote,Alliance/Progressive,-0.002371832
1999,Northcote,Conservative,-0.006521356
1999,Northcote,Green,-0.005207754
1999,Northcote,Labour,-0.026589797
1999,Northcote,National,0.028963332
1999,Northcote,NZ First,-0.010438929
1999,Northcote,Other,-0.012337697
1999,Northcote,United,0.000992755
1999,Northland,ACT,0.018040715
1999,Northland,Alliance/Progressive,-0.009850294
1999,Northland,Conservative,0.008488573
1999,Northland,Green,0.025909125
1999,Northland,Labour,-0.075787578
1999,Northland,National,0.001959942
1999,Northland,NZ First,0.037675421
1999,Northland,Other,-0.005030308
1999,Northland,United,-0.001405595
1999,Ōtāhuhu,ACT,-0.040970946
1999,Ōtāhuhu,Alliance/Progressive,-0.009563684
1999,Ōtāhuhu,Conservative,-0.012717927
1999,Ōtāhuhu,Green,-0.026801006
1999,Ōtāhuhu,Labour,0.250218235
1999,Ōtāhuhu,National,-0.15108556
1999,Ōtāhuhu,NZ First,-0.01173562
1999,Ōtāhuhu,Other,0.004562832
1999,Ōtāhuhu,United,-0.001906325
1999,Pakuranga,ACT,0.058819075
1999,Pakuranga,Alliance/Progressive,-0.028261815
1999,Pakuranga,Conservative,-0.003618837
1999,Pakuranga,Green,-0.016901996
1999,Pakuranga,Labour,-0.097047039
1999,Pakuranga,National,0.103089023
1999,Pakuranga,NZ First,-0.00403639
1999,Pakuranga,Other,-0.013535358
1999,Pakuranga,United,0.001493335
1999,Palmerston North,ACT,-0.013068066
1999,Palmerston North,Alliance/Progressive,0.028643025
1999,Palmerston North,Conservative,0.014884263
1999,Palmerston North,Green,-0.003498576
1999,Palmerston North,Labour,0.004881629
1999,Palmerston North,National,-0.016170461
1999,Palmerston North,NZ First,-0.00993257
1999,Palmerston North,Other,-0.004833258
1999,Palmerston North,United,-0.000905985
1999,Papakura,ACT,0.034821475
1999,Papakura,Alliance/Progressive,-0.015863054
1999,Papakura,Conservative,-0.000419157
1999,Papakura,Green,-0.010002686
1999,Papakura,Labour,-0.075949148
1999,Papakura,National,0.062893042
1999,Papakura,NZ First,0.00696251
1999,Papakura,Other,-0.003236388
1999,Papakura,United,0.000793405
1999,Port Waikato,ACT,0.037442655
1999,Port Waikato,Alliance/Progressive,-0.017251034
1999,Port Waikato,Conservative,-0.005312807
1999,Port Waikato,Green,-0.003893856
1999,Port Waikato,Labour,-0.119291929
1999,Port Waikato,National,0.095869333
1999,Port Waikato,NZ First,0.013773031
1999,Port Waikato,Other,-0.002830088
1999,Port Waikato,United,0.001494695
1999,Rangitata,ACT,-0.019257964
1999,Rangitata,Alliance/Progressive,0.006559668
1999,Rangitata,Conservative,-0.004709756
1999,Rangitata,Green,-0.013190995
1999,Rangitata,Labour,0.003559084
1999,Rangitata,National,0.042598472
1999,Rangitata,NZ First,-0.016227369
1999,Rangitata,Other,0.001874023
1999,Rangitata,United,-0.001205165
1999,Rangitīkei,ACT,-0.011768066
1999,Rangitīkei,Alliance/Progressive,0.018743025
1999,Rangitīkei,Conservative,0.008984263
1999,Rangitīkei,Green,-0.013598576
1999,Rangitīkei,Labour,-0.008918371
1999,Rangitīkei,National,0.001929539
1999,Rangitīkei,NZ First,0.00406743
1999,Rangitīkei,Other,-0.001133258
1999,Rangitīkei,United,0.001694015
1999,Remutaka,ACT,-0.016562746
1999,Remutaka,Alliance/Progressive,0.007351426
1999,Remutaka,Conservative,0.006488373
1999,Remutaka,Green,-0.011194586
1999,Remutaka,Labour,0.046224623
1999,Remutaka,National,-0.015641818
1999,Remutaka,NZ First,-0.01392974
1999,Remutaka,Other,-0.003730178
1999,Remutaka,United,0.000994645
1999,Rotorua,ACT,-0.005680884
1999,Rotorua,Alliance/Progressive,-0.013869533
1999,Rotorua,Conservative,0.011974945
1999,Rotorua,Green,0.003490506
1999,Rotorua,Labour,-0.039087298
1999,Rotorua,National,0.028863352
1999,Rotorua,NZ First,0.019355112
1999,Rotorua,Other,-0.005139137
1999,Rotorua,United,9.29352E-05
1999,Selwyn,ACT,0.011340045
1999,Selwyn,Alliance/Progressive,-0.016850994
1999,Selwyn,Conservative,0.000587783
1999,Selwyn,Green,-0.009894456
1999,Selwyn,Labour,-0.132693269
1999,Selwyn,National,0.166376383
1999,Selwyn,NZ First,-0.01262961
1999,Selwyn,Other,-0.004908537
1999,Selwyn,United,0.000594605
1999,Southland,ACT,0.014031934
1999,Southland,Alliance/Progressive,-0.017156975
1999,Southland,Conservative,0.005684263
1999,Southland,Green,-0.004498576
1999,Southland,Labour,-0.098818371
1999,Southland,National,0.110429539
1999,Southland,NZ First,-0.01473257
1999,Southland,Other,0.005366742
1999,Southland,United,-0.000305985
1999,Taieri,ACT,-0.032664356
1999,Taieri,Alliance/Progressive,0.031253816
1999,Taieri,Conservative,-0.006912967
1999,Taieri,Green,-0.016195086
1999,Taieri,Labour,0.100230023
1999,Taieri,National,-0.058446099
1999,Taieri,NZ First,-0.0195303
1999,Taieri,Other,0.003970592
1999,Taieri,United,-0.001705625
1999,Takanini,ACT,0.004324525
1999,Takanini,Alliance/Progressive,-0.021162525
1999,Takanini,Conservative,-0.001019097
1999,Takanini,Green,-0.019301756
1999,Takanini,Labour,0.031740083
1999,Takanini,National,0.019697362
1999,Takanini,NZ First,-0.00743605
1999,Takanini,Other,-0.005536158
1999,Takanini,United,-0.001306385
1999,Tāmaki,ACT,0.089731934
1999,Tāmaki,Alliance/Progressive,-0.039656975
1999,Tāmaki,Conservative,-0.015715737
1999,Tāmaki,Green,-0.012498576
1999,Tāmaki,Labour,-0.098518371
1999,Tāmaki,National,0.106329539
1999,Tāmaki,NZ First,-0.01313257
1999,Tāmaki,Other,-0.017233258
1999,Tāmaki,United,0.000694015
1999,Tāmaki Makaurau,ACT,-0.062068066
1999,Tāmaki Makaurau,Alliance/Progressive,-0.009356975
1999,Tāmaki Makaurau,Conservative,-0.019715737
1999,Tāmaki Makaurau,Green,0.003201424
1999,Tāmaki Makaurau,Labour,0.172381629
1999,Tāmaki Makaurau,National,-0.244870461
1999,Tāmaki Makaurau,NZ First,0.08286743
1999,Tāmaki Makaurau,Other,0.082166742
1999,Tāmaki Makaurau,United,-0.004605985
1999,Taranaki-King Country,ACT,0.020941005
1999,Taranaki-King Country,Alliance/Progressive,-0.001349444
1999,Taranaki-King Country,Conservative,0.006088333
1999,Taranaki-King Country,Green,-0.006694136
1999,Taranaki-King Country,Labour,-0.114691469
1999,Taranaki-King Country,National,0.088768623
1999,Taranaki-King Country,NZ First,0.012072861
1999,Taranaki-King Country,Other,-0.005230328
1999,Taranaki-King Country,United,9.4555E-05
1999,Taupō,ACT,0.006131934
1999,Taupō,Alliance/Progressive,-0.016256975
1999,Taupō,Conservative,-0.005715737
1999,Taupō,Green,-0.006098576
1999,Taupō,Labour,-0.012518371
1999,Taupō,National,0.036429539
1999,Taupō,NZ First,0.00676743
1999,Taupō,Other,-0.006933258
1999,Taupō,United,-0.001805985
1999,Tauranga,ACT,-0.006568066
1999,Tauranga,Alliance/Progressive,-0.031456975
1999,Tauranga,Conservative,0.031084263
1999,Tauranga,Green,-0.003498576
1999,Tauranga,Labour,-0.059518371
1999,Tauranga,National,-0.005170461
1999,Tauranga,NZ First,0.08596743
1999,Tauranga,Other,-0.010733258
1999,Tauranga,United,-0.000105985
1999,Te Tai Hauāuru,ACT,-0.063669286
1999,Te Tai Hauāuru,Alliance/Progressive,-0.009570392
1999,Te Tai Hauāuru,Conservative,-0.013319996
1999,Te Tai Hauāuru,Green,-0.010206754
1999,Te Tai Hauāuru,Labour,0.175569771
1999,Te Tai Hauāuru,National,-0.255179839
1999,Te Tai Hauāuru,NZ First,0.070044974
1999,Te Tai Hauāuru,Other,0.111037628
1999,Te Tai Hauāuru,United,-0.004706105
1999,Te Tai Tokerau,ACT,-0.059767066
1999,Te Tai Tokerau,Alliance/Progressive,-0.012250534
1999,Te Tai Tokerau,Conservative,-0.012813557
1999,Te Tai Tokerau,Green,0.005907125
1999,Te Tai Tokerau,Labour,0.109030904
1999,Te Tai Tokerau,National,-0.237664021
1999,Te Tai Tokerau,NZ First,0.117883442
1999,Te Tai Tokerau,Other,0.095776021
1999,Te Tai Tokerau,United,-0.004705925
1999,Te Tai Tonga,ACT,-0.058166906
1999,Te Tai Tonga,Alliance/Progressive,0.002650956
1999,Te Tai Tonga,Conservative,-0.011213397
1999,Te Tai Tonga,Green,0.016408175
1999,Te Tai Tonga,Labour,0.135233524
1999,Te Tai Tonga,National,-0.21206146
1999,Te Tai Tonga,NZ First,0.068578511
1999,Te Tai Tonga,Other,0.062816485
1999,Te Tai Tonga,United,-0.004105865
1999,Tukituki,ACT,-0.002268066
1999,Tukituki,Alliance/Progressive,-0.007456975
1999,Tukituki,Conservative,0.011884263
1999,Tukituki,Green,-0.003898576
1999,Tukituki,Labour,0.027181629
1999,Tukituki,National,-0.005770461
1999,Tukituki,NZ First,-0.01323257
1999,Tukituki,Other,-0.004233258
1999,Tukituki,United,-0.002205985
1999,Upper Harbour,ACT,0.046608659
1999,Upper Harbour,Alliance/Progressive,-0.021368033
1999,Upper Harbour,Conservative,-0.007721116
1999,Upper Harbour,Green,-0.013206155
1999,Upper Harbour,Labour,-0.0890773
1999,Upper Harbour,National,0.109447235
1999,Upper Harbour,NZ First,-0.010738869
1999,Upper Harbour,Other,-0.014237317
1999,Upper Harbour,United,0.000292895
1999,Waiariki,ACT,-0.065168066
1999,Waiariki,Alliance/Progressive,-0.019056975
1999,Waiariki,Conservative,-0.013815737
1999,Waiariki,Green,-0.014998576
1999,Waiariki,Labour,0.143681629
1999,Waiariki,National,-0.257570461
1999,Waiariki,NZ First,0.11486743
1999,Waiariki,Other,0.116966742
1999,Waiariki,United,-0.004905985
1999,Waikato,ACT,0.025931934
1999,Waikato,Alliance/Progressive,-0.008256975
1999,Waikato,Conservative,0.005584263
1999,Waikato,Green,-0.009298576
1999,Waikato,Labour,-0.093218371
1999,Waikato,National,0.069729539
1999,Waikato,NZ First,0.01316743
1999,Waikato,Other,-0.002433258
1999,Waikato,United,-0.001205985
1999,Waimakariri,ACT,-0.018968066
1999,Waimakariri,Alliance/Progressive,0.005643025
1999,Waimakariri,Conservative,0.003784263
1999,Waimakariri,Green,-0.010698576
1999,Waimakariri,Labour,-0.015818371
1999,Waimakariri,National,0.045729539
1999,Waimakariri,NZ First,-0.00813257
1999,Waimakariri,Other,0.001455496
1999,Waimakariri,United,-0.000505985
1999,Wairarapa,ACT,0.001031934
1999,Wairarapa,Alliance/Progressive,0.018543025
1999,Wairarapa,Conservative,0.000984263
1999,Wairarapa,Green,-0.006798576
1999,Wairarapa,Labour,-0.021018371
1999,Wairarapa,National,0.009729539
1999,Wairarapa,NZ First,-0.00013257
1999,Wairarapa,Other,-0.001733258
1999,Wairarapa,United,-0.000605985
1999,Waitākere,ACT,0.010631934
1999,Waitākere,Alliance/Progressive,0.001443025
1999,Waitākere,Conservative,-0.004015737
1999,Waitākere,Green,0.020601424
1999,Waitākere,Labour,0.027481629
1999,Waitākere,National,-0.031170461
1999,Waitākere,NZ First,-0.01453257
1999,Waitākere,Other,-0.009033258
1999,Waitākere,United,-0.001405985
1999,Waitaki,ACT,-0.007268066
1999,Waitaki,Alliance/Progressive,0.002543025
1999,Waitaki,Conservative,-0.000515737
1999,Waitaki,Green,-0.004698576
1999,Waitaki,Labour,0.006181629
1999,Waitaki,National,0.020729539
1999,Waitaki,NZ First,-0.01703257
1999,Waitaki,Other,0.001766742
1999,Waitaki,United,-0.001705985
1999,Wellington Bays,ACT,-0.010756264
1999,Wellington Bays,Alliance/Progressive,0.004359228
1999,Wellington Bays,Conservative,-0.009810776
1999,Wellington Bays,Green,0.032018047
1999,Wellington Bays,Labour,0.018962165
1999,Wellington Bays,National,-0.01171239
1999,Wellington Bays,NZ First,-0.021628449
1999,Wellington Bays,Other,-0.003427037
1999,Wellington Bays,United,0.001995475
1999,Wellington North,ACT,0.016714637
1999,Wellington North,Alliance/Progressive,-0.009970312
1999,Wellington North,Conservative,-0.016619336
1999,Wellington North,Green,0.031584887
1999,Wellington North,Labour,-0.075579999
1999,Wellington North,National,0.081852754
1999,Wellington North,NZ First,-0.027835449
1999,Wellington North,Other,-0.008938377
1999,Wellington North,United,0.008791196
1999,West Coast-Tasman,ACT,-0.018462936
1999,West Coast-Tasman,Alliance/Progressive,0.032553946
1999,West Coast-Tasman,Conservative,0.002587983
1999,West Coast-Tasman,Green,0.024308965
1999,West Coast-Tasman,Labour,-0.084188418
1999,West Coast-Tasman,National,0.007860532
1999,West Coast-Tasman,NZ First,0.016373291
1999,West Coast-Tasman,Other,0.016071802
1999,West Coast-Tasman,United,0.002894835
1999,Whanganui,ACT,-0.011768066
1999,Whanganui,Alliance/Progressive,0.031443025
1999,Whanganui,Conservative,0.015484263
1999,Whanganui,Green,-0.004498576
1999,Whanganui,Labour,-0.026818371
1999,Whanganui,National,-0.002870461
1999,Whanganui,NZ First,0.00456743
1999,Whanganui,Other,-0.004233258
1999,Whanganui,United,-0.001305985
1999,Whangaparāoa,ACT,0.035431934
1999,Whangaparāoa,Alliance/Progressive,-0.015556975
1999,Whangaparāoa,Conservative,0.002584263
1999,Whangaparāoa,Green,-0.001498576
1999,Whangaparāoa,Labour,-0.076018371
1999,Whangaparāoa,National,0.054329539
1999,Whangaparāoa,NZ First,0.01366743
1999,Whangaparāoa,Other,-0.012033258
1999,Whangaparāoa,United,-0.000905985
1999,Whangārei,ACT,0.011231934
1999,Whangārei,Alliance/Progressive,0.011343025
1999,Whangārei,Conservative,0.006984263
1999,Whangārei,Green,0.004301424
1999,Whangārei,Labour,-0.051518371
1999,Whangārei,National,-0.002370461
1999,Whangārei,NZ First,0.02726743
1999,Whangārei,Other,-0.005733258
1999,Whangārei,United,-0.001505985
1999,Wigram,ACT,-0.032756963
1999,Wigram,Alliance/Progressive,0.062884887
1999,Wigram,Conservative,0.001094976
1999,Wigram,Green,-0.014487593
1999,Wigram,Labour,0.021603225
1999,Wigram,National,-0.019785776
1999,Wigram,NZ First,-0.015124438
1999,Wigram,Other,-0.003023805
1999,Wigram,United,-0.000404515
2002,Auckland Central,ACT,0.038202909
2002,Auckland Central,Alliance/Progressive,0.001584171
2002,Auckland Central,Conservative,-0.008674352
2002,Auckland Central,Green,0.095394596
2002,Auckland Central,Labour,0.022501613
2002,Auckland Central,National,-0.05764487
2002,Auckland Central,NZ First,-0.049270257
2002,Auckland Central,Other,-0.013279218
2002,Auckland Central,United,-0.028814592
2002,Banks Peninsula,ACT,0.000577641
2002,Banks Peninsula,Alliance/Progressive,0.013772373
2002,Banks Peninsula,Conservative,-0.002976932
2002,Banks Peninsula,Green,0.030358068
2002,Banks Peninsula,Labour,-0.004822925
2002,Banks Peninsula,National,0.001897976
2002,Banks Peninsula,NZ First,-0.039888365
2002,Banks Peninsula,Other,-0.006984527
2002,Banks Peninsula,United,0.008066691
2002,Botany,ACT,0.08900799
2002,Botany,Alliance/Progressive,-0.014117399
2002,Botany,Conservative,-0.002073692
2002,Botany,Green,-0.039218866
2002,Botany,Labour,-0.106511288
2002,Botany,National,0.083269221
2002,Botany,NZ First,-0.002665597
2002,Botany,Other,-0.015779468
2002,Botany,United,0.008089099
2002,Christchurch Central,ACT,-0.01229626
2002,Christchurch Central,Alliance/Progressive,0.026392253
2002,Christchurch Central,Conservative,-0.000172171
2002,Christchurch Central,Green,0.028297688
2002,Christchurch Central,Labour,0.020944636
2002,Christchurch Central,National,-0.028623985
2002,Christchurch Central,NZ First,-0.034861965
2002,Christchurch Central,Other,-0.004076027
2002,Christchurch Central,United,0.004395831
2002,Christchurch East,ACT,-0.031811952
2002,Christchurch East,Alliance/Progressive,0.021775912
2002,Christchurch East,Conservative,0.000923728
2002,Christchurch East,Green,0.006370475
2002,Christchurch East,Labour,0.093407854
2002,Christchurch East,National,-0.071073691
2002,Christchurch East,NZ First,-0.025383467
2002,Christchurch East,Other,-0.001283118
2002,Christchurch East,United,0.007074259
2002,Coromandel,ACT,-0.01009582
2002,Coromandel,Alliance/Progressive,-0.012615548
2002,Coromandel,Conservative,-0.004673072
2002,Coromandel,Green,0.024196868
2002,Coromandel,Labour,-0.063272207
2002,Coromandel,National,0.014084557
2002,Coromandel,NZ First,0.062957599
2002,Coromandel,Other,-0.004776167
2002,Coromandel,United,-0.00580621
2002,Dunedin,ACT,-0.028008022
2002,Dunedin,Alliance/Progressive,0.018981051
2002,Dunedin,Conservative,-0.005274832
2002,Dunedin,Green,0.051878084
2002,Dunedin,Labour,0.082158279
2002,Dunedin,National,-0.046759952
2002,Dunedin,NZ First,-0.054875668
2002,Dunedin,Other,-0.006680568
2002,Dunedin,United,-0.011418372
2002,East Cape,ACT,-0.024308022
2002,East Cape,Alliance/Progressive,-0.004418949
2002,East Cape,Conservative,-0.002974832
2002,East Cape,Green,-0.013121916
2002,East Cape,Labour,-0.019841721
2002,East Cape,National,0.007840048
2002,East Cape,NZ First,0.050924332
2002,East Cape,Other,0.007119432
2002,East Cape,United,-0.001218372
2002,East Coast Bays,ACT,0.061205209
2002,East Coast Bays,Alliance/Progressive,-0.010517039
2002,East Coast Bays,Conservative,-0.005374022
2002,East Coast Bays,Green,-0.014016345
2002,East Coast Bays,Labour,-0.109111548
2002,East Coast Bays,National,0.060166911
2002,East Coast Bays,NZ First,-0.004465777
2002,East Coast Bays,Other,-0.012079098
2002,East Coast Bays,United,0.034191709
2002,Epsom,ACT,0.126291978
2002,Epsom,Alliance/Progressive,-0.010518949
2002,Epsom,Conservative,-0.007174832
2002,Epsom,Green,0.003878084
2002,Epsom,Labour,-0.113541721
2002,Epsom,National,0.072940048
2002,Epsom,NZ First,-0.043575668
2002,Epsom,Other,-0.018380568
2002,Epsom,United,-0.009918372
2002,Glendene,ACT,-0.023503262
2002,Glendene,Alliance/Progressive,0.010185031
2002,Glendene,Conservative,0.003226838
2002,Glendene,Green,-0.018816825
2002,Glendene,Labour,0.121111474
2002,Glendene,National,-0.083947501
2002,Glendene,NZ First,-0.002765607
2002,Glendene,Other,-0.008578748
2002,Glendene,United,0.003088599
2002,Hamilton East,ACT,0.023182549
2002,Hamilton East,Alliance/Progressive,-0.006521259
2002,Hamilton East,Conservative,-0.001276052
2002,Hamilton East,Green,0.003970715
2002,Hamilton East,Labour,-0.041078697
2002,Hamilton East,National,0.01921728
2002,Hamilton East,NZ First,-0.003885617
2002,Hamilton East,Other,-0.009382308
2002,Hamilton East,United,0.015773389
2002,Hamilton West,ACT,0.008291978
2002,Hamilton West,Alliance/Progressive,-0.009318949
2002,Hamilton West,Conservative,-0.000174832
2002,Hamilton West,Green,-0.012421916
2002,Hamilton West,Labour,0.008258279
2002,Hamilton West,National,-0.002259952
2002,Hamilton West,NZ First,0.011924332
2002,Hamilton West,Other,-0.006080568
2002,Hamilton West,United,0.001781628
2002,Hauraki-Waikato,ACT,-0.059908022
2002,Hauraki-Waikato,Alliance/Progressive,0.013981051
2002,Hauraki-Waikato,Conservative,-0.003374832
2002,Hauraki-Waikato,Green,0.030578084
2002,Hauraki-Waikato,Labour,0.113658279
2002,Hauraki-Waikato,National,-0.169659952
2002,Hauraki-Waikato,NZ First,0.042924332
2002,Hauraki-Waikato,Other,0.075719432
2002,Hauraki-Waikato,United,-0.043918372
2002,Henderson,ACT,-0.007508022
2002,Henderson,Alliance/Progressive,0.008881051
2002,Henderson,Conservative,0.003025168
2002,Henderson,Green,-0.017221916
2002,Henderson,Labour,0.081158279
2002,Henderson,National,-0.064959952
2002,Henderson,NZ First,0.000224332
2002,Henderson,Other,-0.009080568
2002,Henderson,United,0.005481628
2002,Hutt South,ACT,0.015200609
2002,Hutt South,Alliance/Progressive,0.001784191
2002,Hutt South,Conservative,-0.002073692
2002,Hutt South,Green,-0.002415185
2002,Hutt South,Labour,0.018501213
2002,Hutt South,National,-0.01454056
2002,Hutt South,NZ First,-0.036969027
2002,Hutt South,Other,-0.008978788
2002,Hutt South,United,0.029491239
2002,Ikaroa-Rāwhiti,ACT,-0.063708022
2002,Ikaroa-Rāwhiti,Alliance/Progressive,0.001781051
2002,Ikaroa-Rāwhiti,Conservative,0.006125168
2002,Ikaroa-Rāwhiti,Green,0.021578084
2002,Ikaroa-Rāwhiti,Labour,0.179058279
2002,Ikaroa-Rāwhiti,National,-0.172959952
2002,Ikaroa-Rāwhiti,NZ First,0.018824332
2002,Ikaroa-Rāwhiti,Other,0.058319432
2002,Ikaroa-Rāwhiti,United,-0.049018372
2002,Ilam,ACT,0.024991978
2002,Ilam,Alliance/Progressive,0.001381051
2002,Ilam,Conservative,-7.4832E-05
2002,Ilam,Green,-0.013021916
2002,Ilam,Labour,-0.069141721
2002,Ilam,National,0.081940048
2002,Ilam,NZ First,-0.030875668
2002,Ilam,Other,-0.011580568
2002,Ilam,United,0.016381628
2002,Invercargill,ACT,-0.032508022
2002,Invercargill,Alliance/Progressive,0.000581051
2002,Invercargill,Conservative,-0.003374832
2002,Invercargill,Green,-0.028121916
2002,Invercargill,Labour,0.020658279
2002,Invercargill,National,0.087840048
2002,Invercargill,NZ First,-0.040575668
2002,Invercargill,Other,0.000519432
2002,Invercargill,United,-0.005018372
2002,Kaikōura,ACT,-0.013102221
2002,Kaikōura,Alliance/Progressive,-0.005816569
2002,Kaikōura,Conservative,0.002226738
2002,Kaikōura,Green,-0.001015045
2002,Kaikōura,Labour,-0.019502587
2002,Kaikōura,National,0.055866481
2002,Kaikōura,NZ First,-0.015866917
2002,Kaikōura,Other,0.006222732
2002,Kaikōura,United,-0.009012611
2002,Kaipara ki Mahurangi,ACT,0.027591978
2002,Kaipara ki Mahurangi,Alliance/Progressive,-0.010418949
2002,Kaipara ki Mahurangi,Conservative,-0.001174832
2002,Kaipara ki Mahurangi,Green,0.013378084
2002,Kaipara ki Mahurangi,Labour,-0.116341721
2002,Kaipara ki Mahurangi,National,0.024440048
2002,Kaipara ki Mahurangi,NZ First,0.047324332
2002,Kaipara ki Mahurangi,Other,-0.006580568
2002,Kaipara ki Mahurangi,United,0.021781628
2002,Kapiti,ACT,-0.001301041
2002,Kapiti,Alliance/Progressive,0.001784191
2002,Kapiti,Conservative,-0.003473832
2002,Kapiti,Green,0.003885445
2002,Kapiti,Labour,-0.019002537
2002,Kapiti,National,0.01946284
2002,Kapiti,NZ First,-0.019167247
2002,Kapiti,Other,-0.009078798
2002,Kapiti,United,0.026890979
2002,Kenepuru,ACT,-0.006708022
2002,Kenepuru,Alliance/Progressive,0.000981051
2002,Kenepuru,Conservative,-0.000974832
2002,Kenepuru,Green,-0.015921916
2002,Kenepuru,Labour,0.065758279
2002,Kenepuru,National,-0.031559952
2002,Kenepuru,NZ First,-0.048975668
2002,Kenepuru,Other,-0.009080568
2002,Kenepuru,United,0.046481628
2002,Māngere,ACT,-0.049510182
2002,Māngere,Alliance/Progressive,0.005877501
2002,Māngere,Conservative,0.000223798
2002,Māngere,Green,-0.038825006
2002,Māngere,Labour,0.305886606
2002,Māngere,National,-0.140066791
2002,Māngere,NZ First,-0.044481557
2002,Māngere,Other,-0.006582588
2002,Māngere,United,-0.032521782
2002,Manurewa,ACT,-0.03141596
2002,Manurewa,Alliance/Progressive,0.004374252
2002,Manurewa,Conservative,0.004521569
2002,Manurewa,Green,-0.030629734
2002,Manurewa,Labour,0.166942722
2002,Manurewa,National,-0.093183007
2002,Manurewa,NZ First,0.000403576
2002,Manurewa,Other,-0.006784567
2002,Manurewa,United,-0.01422885
2002,Maungakiekie,ACT,0.024182449
2002,Maungakiekie,Alliance/Progressive,-0.002221689
2002,Maungakiekie,Conservative,-0.002875892
2002,Maungakiekie,Green,-0.010927795
2002,Maungakiekie,Labour,0.051912004
2002,Maungakiekie,National,-0.02387841
2002,Maungakiekie,NZ First,-0.023583647
2002,Maungakiekie,Other,-0.012282018
2002,Maungakiekie,United,-0.000325001
2002,Mt Albert,ACT,0.007091978
2002,Mt Albert,Alliance/Progressive,0.002581051
2002,Mt Albert,Conservative,-0.004074832
2002,Mt Albert,Green,0.035778084
2002,Mt Albert,Labour,0.088558279
2002,Mt Albert,National,-0.066359952
2002,Mt Albert,NZ First,-0.037075668
2002,Mt Albert,Other,-0.014180568
2002,Mt Albert,United,-0.012318372
2002,Mt Maunganui,ACT,-0.024703382
2002,Mt Maunganui,Alliance/Progressive,-0.016117599
2002,Mt Maunganui,Conservative,-0.004773962
2002,Mt Maunganui,Green,-0.014216365
2002,Mt Maunganui,Labour,-0.077408378
2002,Mt Maunganui,National,0.01196209
2002,Mt Maunganui,NZ First,0.116046274
2002,Mt Maunganui,Other,-0.006578548
2002,Mt Maunganui,United,0.015789869
2002,Mt Roskill,ACT,-0.002408022
2002,Mt Roskill,Alliance/Progressive,-0.003918949
2002,Mt Roskill,Conservative,0.002025168
2002,Mt Roskill,Green,-0.024521916
2002,Mt Roskill,Labour,0.093658279
2002,Mt Roskill,National,-0.045459952
2002,Mt Roskill,NZ First,-0.015675668
2002,Mt Roskill,Other,-0.013780568
2002,Mt Roskill,United,0.010081628
2002,Napier,ACT,-0.008101721
2002,Napier,Alliance/Progressive,-0.002416229
2002,Napier,Conservative,0.002326748
2002,Napier,Green,-0.012616205
2002,Napier,Labour,0.036903053
2002,Napier,National,-0.01574068
2002,Napier,NZ First,-0.004365767
2002,Napier,Other,0.011223232
2002,Napier,United,-0.007212431
2002,Nelson,ACT,-0.031208022
2002,Nelson,Alliance/Progressive,-0.004118949
2002,Nelson,Conservative,0.004725168
2002,Nelson,Green,0.021278084
2002,Nelson,Labour,0.040958279
2002,Nelson,National,-0.018159952
2002,Nelson,NZ First,-0.040275668
2002,Nelson,Other,0.027219432
2002,Nelson,United,-0.000418372
2002,New Plymouth,ACT,-0.020513081
2002,New Plymouth,Alliance/Progressive,-0.008321079
2002,New Plymouth,Conservative,2.38181E-05
2002,New Plymouth,Green,-0.003028585
2002,New Plymouth,Labour,-0.008281977
2002,New Plymouth,National,0.01851735
2002,New Plymouth,NZ First,0.017512243
2002,New Plymouth,Other,-0.005182728
2002,New Plymouth,United,0.009274039
2002,North Shore,ACT,0.069620124
2002,North Shore,Alliance/Progressive,-0.011015228
2002,North Shore,Conservative,-0.005073152
2002,North Shore,Green,-0.005909153
2002,North Shore,Labour,-0.099279409
2002,North Shore,National,0.066094959
2002,North Shore,NZ First,-0.002255444
2002,North Shore,Other,-0.015678348
2002,North Shore,United,0.003495651
2002,Northcote,ACT,0.030191978
2002,Northcote,Alliance/Progressive,0.004781051
2002,Northcote,Conservative,-0.002574832
2002,Northcote,Green,-0.006421916
2002,Northcote,Labour,-0.023041721
2002,Northcote,National,0.005340048
2002,Northcote,NZ First,-0.004775668
2002,Northcote,Other,-0.010880568
2002,Northcote,United,0.007381628
2002,Northland,ACT,0.003606921
2002,Northland,Alliance/Progressive,-0.006914408
2002,Northland,Conservative,0.003428549
2002,Northland,Green,0.021396308
2002,Northland,Labour,-0.117683089
2002,Northland,National,0.023486437
2002,Northland,NZ First,0.0844619
2002,Northland,Other,-0.002875787
2002,Northland,United,-0.00890683
2002,Ōtāhuhu,ACT,-0.041808022
2002,Ōtāhuhu,Alliance/Progressive,0.003181051
2002,Ōtāhuhu,Conservative,0.000525168
2002,Ōtāhuhu,Green,-0.040421916
2002,Ōtāhuhu,Labour,0.268358279
2002,Ōtāhuhu,National,-0.112459952
2002,Ōtāhuhu,NZ First,-0.036675668
2002,Ōtāhuhu,Other,-0.007680568
2002,Ōtāhuhu,United,-0.033018372
2002,Pakuranga,ACT,0.074977369
2002,Pakuranga,Alliance/Progressive,-0.011620749
2002,Pakuranga,Conservative,-0.000476132
2002,Pakuranga,Green,-0.033625526
2002,Pakuranga,Labour,-0.094273378
2002,Pakuranga,National,0.053513851
2002,Pakuranga,NZ First,0.013912603
2002,Pakuranga,Other,-0.014081838
2002,Pakuranga,United,0.011673799
2002,Palmerston North,ACT,-0.019608022
2002,Palmerston North,Alliance/Progressive,0.008681051
2002,Palmerston North,Conservative,0.001825168
2002,Palmerston North,Green,-0.003021916
2002,Palmerston North,Labour,0.013758279
2002,Palmerston North,National,0.007740048
2002,Palmerston North,NZ First,-0.015375668
2002,Palmerston North,Other,-0.003380568
2002,Palmerston North,United,0.009381628
2002,Papakura,ACT,0.024191978
2002,Papakura,Alliance/Progressive,-0.011818949
2002,Papakura,Conservative,0.001425168
2002,Papakura,Green,-0.024921916
2002,Papakura,Labour,-0.067241721
2002,Papakura,National,0.023440048
2002,Papakura,NZ First,0.056324332
2002,Papakura,Other,-0.004380568
2002,Papakura,United,0.002981628
2002,Port Waikato,ACT,0.029291978
2002,Port Waikato,Alliance/Progressive,-0.013318949
2002,Port Waikato,Conservative,-7.4832E-05
2002,Port Waikato,Green,-0.023121916
2002,Port Waikato,Labour,-0.118641721
2002,Port Waikato,National,0.059140048
2002,Port Waikato,NZ First,0.067624332
2002,Port Waikato,Other,0.000919432
2002,Port Waikato,United,-0.001818372
2002,Rangitata,ACT,-0.021812952
2002,Rangitata,Alliance/Progressive,0.000678021
2002,Rangitata,Conservative,-0.000476132
2002,Rangitata,Green,-0.024326456
2002,Rangitata,Labour,-0.000282777
2002,Rangitata,National,0.071212081
2002,Rangitata,NZ First,-0.021083897
2002,Rangitata,Other,0.001816572
2002,Rangitata,United,-0.005724461
2002,Rangitīkei,ACT,-0.02001824
2002,Rangitīkei,Alliance/Progressive,-0.000624748
2002,Rangitīkei,Conservative,0.010020469
2002,Rangitīkei,Green,-0.020731714
2002,Rangitīkei,Labour,-0.016820525
2002,Rangitīkei,National,0.035891178
2002,Rangitīkei,NZ First,0.017600137
2002,Rangitīkei,Other,0.000314013
2002,Rangitīkei,United,-0.00563057
2002,Remutaka,ACT,-0.00912042
2002,Remutaka,Alliance/Progressive,0.003774372
2002,Remutaka,Conservative,0.002621949
2002,Remutaka,Green,-0.017532354
2002,Remutaka,Labour,0.056664778
2002,Remutaka,National,-0.040093625
2002,Remutaka,NZ First,-0.022091925
2002,Remutaka,Other,0.002513573
2002,Remutaka,United,0.023263652
2002,Rotorua,ACT,-0.015708022
2002,Rotorua,Alliance/Progressive,-0.007918949
2002,Rotorua,Conservative,-0.000174832
2002,Rotorua,Green,-0.010521916
2002,Rotorua,Labour,-0.066741721
2002,Rotorua,National,0.013640048
2002,Rotorua,NZ First,0.071424332
2002,Rotorua,Other,0.007919432
2002,Rotorua,United,0.008081628
2002,Selwyn,ACT,0.018091978
2002,Selwyn,Alliance/Progressive,-0.003218949
2002,Selwyn,Conservative,-0.000274832
2002,Selwyn,Green,-0.010121916
2002,Selwyn,Labour,-0.130941721
2002,Selwyn,National,0.121740048
2002,Selwyn,NZ First,-0.014075668
2002,Selwyn,Other,0.000519432
2002,Selwyn,United,0.018281628
2002,Southland,ACT,-0.007308022
2002,Southland,Alliance/Progressive,-0.011318949
2002,Southland,Conservative,-0.001474832
2002,Southland,Green,-0.010421916
2002,Southland,Labour,-0.087041721
2002,Southland,National,0.153440048
2002,Southland,NZ First,-0.042375668
2002,Southland,Other,0.004519432
2002,Southland,United,0.001981628
2002,Taieri,ACT,-0.035408022
2002,Taieri,Alliance/Progressive,0.006681051
2002,Taieri,Conservative,-0.002174832
2002,Taieri,Green,-0.018421916
2002,Taieri,Labour,0.123358279
2002,Taieri,National,-0.021259952
2002,Taieri,NZ First,-0.040175668
2002,Taieri,Other,-0.001980568
2002,Taieri,United,-0.010618372
2002,Takanini,ACT,0.012800369
2002,Takanini,Alliance/Progressive,-0.007316719
2002,Takanini,Conservative,0.003926908
2002,Takanini,Green,-0.035918536
2002,Takanini,Labour,0.039403304
2002,Takanini,National,-0.0199411
2002,Takanini,NZ First,0.013736043
2002,Takanini,Other,-0.007378628
2002,Takanini,United,0.000688359
2002,Tāmaki,ACT,0.09997487
2002,Tāmaki,Alliance/Progressive,-0.013620549
2002,Tāmaki,Conservative,-0.007975382
2002,Tāmaki,Green,-0.022126676
2002,Tāmaki,Labour,-0.096073198
2002,Tāmaki,National,0.078811321
2002,Tāmaki,NZ First,-0.021283877
2002,Tāmaki,Other,-0.017281518
2002,Tāmaki,United,-0.000424991
2002,Tāmaki Makaurau,ACT,-0.058109322
2002,Tāmaki Makaurau,Alliance/Progressive,0.014176671
2002,Tāmaki Makaurau,Conservative,0.001423678
2002,Tāmaki Makaurau,Green,0.032567855
2002,Tāmaki Makaurau,Labour,0.141203075
2002,Tāmaki Makaurau,National,-0.176763122
2002,Tāmaki Makaurau,NZ First,0.047109284
2002,Tāmaki Makaurau,Other,0.040012753
2002,Tāmaki Makaurau,United,-0.041620872
2002,Taranaki-King Country,ACT,0.013900479
2002,Taranaki-King Country,Alliance/Progressive,-0.010417029
2002,Taranaki-King Country,Conservative,0.004326948
2002,Taranaki-King Country,Green,-0.011416085
2002,Taranaki-King Country,Labour,-0.119412578
2002,Taranaki-King Country,National,0.088669761
2002,Taranaki-King Country,NZ First,0.034638133
2002,Taranaki-King Country,Other,0.003722482
2002,Taranaki-King Country,United,-0.004012111
2002,Taupō,ACT,-0.003714761
2002,Taupō,Alliance/Progressive,-0.008221089
2002,Taupō,Conservative,-0.003475832
2002,Taupō,Green,-0.017427145
2002,Taupō,Labour,-0.031979607
2002,Taupō,National,0.02011719
2002,Taupō,NZ First,0.036310363
2002,Taupō,Other,0.015615192
2002,Taupō,United,-0.007224311
2002,Tauranga,ACT,-0.024812652
2002,Tauranga,Alliance/Progressive,-0.016020309
2002,Tauranga,Conservative,-0.002275952
2002,Tauranga,Green,-0.013327555
2002,Tauranga,Labour,-0.099072898
2002,Tauranga,National,0.00661854
2002,Tauranga,NZ First,0.121501844
2002,Tauranga,Other,-0.006882558
2002,Tauranga,United,0.034271539
2002,Te Tai Hauāuru,ACT,-0.064508682
2002,Te Tai Hauāuru,Alliance/Progressive,0.003577731
2002,Te Tai Hauāuru,Conservative,0.002623558
2002,Te Tai Hauāuru,Green,0.037067405
2002,Te Tai Hauāuru,Labour,0.145102685
2002,Te Tai Hauāuru,National,-0.167664032
2002,Te Tai Hauāuru,NZ First,0.022611733
2002,Te Tai Hauāuru,Other,0.062010553
2002,Te Tai Hauāuru,United,-0.040820952
2002,Te Tai Tokerau,ACT,-0.056706582
2002,Te Tai Tokerau,Alliance/Progressive,0.019285941
2002,Te Tai Tokerau,Conservative,0.005327048
2002,Te Tai Tokerau,Green,0.043689425
2002,Te Tai Tokerau,Labour,0.054704834
2002,Te Tai Tokerau,National,-0.167255832
2002,Te Tai Tokerau,NZ First,0.099144584
2002,Te Tai Tokerau,Other,0.047126823
2002,Te Tai Tokerau,United,-0.045316242
2002,Te Tai Tonga,ACT,-0.057306642
2002,Te Tai Tonga,Alliance/Progressive,0.012785291
2002,Te Tai Tonga,Conservative,-0.001473632
2002,Te Tai Tonga,Green,0.061091165
2002,Te Tai Tonga,Labour,0.090908454
2002,Te Tai Tonga,National,-0.139153021
2002,Te Tai Tonga,NZ First,0.018336503
2002,Te Tai Tonga,Other,0.049827093
2002,Te Tai Tonga,United,-0.035015212
2002,Tukituki,ACT,-0.001094019
2002,Tukituki,Alliance/Progressive,-0.008314688
2002,Tukituki,Conservative,0.010029869
2002,Tukituki,Green,-0.006209213
2002,Tukituki,Labour,-0.001659885
2002,Tukituki,National,0.009683677
2002,Tukituki,NZ First,-0.008456684
2002,Tukituki,Other,0.006826153
2002,Tukituki,United,-0.000805209
2002,Upper Harbour,ACT,0.053204409
2002,Upper Harbour,Alliance/Progressive,-0.009016889
2002,Upper Harbour,Conservative,-0.001673652
2002,Upper Harbour,Green,-0.025217466
2002,Upper Harbour,Labour,-0.073107948
2002,Upper Harbour,National,0.050765971
2002,Upper Harbour,NZ First,-6.5337E-05
2002,Upper Harbour,Other,-0.010678958
2002,Upper Harbour,United,0.015789869
2002,Waiariki,ACT,-0.065608022
2002,Waiariki,Alliance/Progressive,-0.004418949
2002,Waiariki,Conservative,-0.000974832
2002,Waiariki,Green,0.028778084
2002,Waiariki,Labour,0.112158279
2002,Waiariki,National,-0.171559952
2002,Waiariki,NZ First,0.059824332
2002,Waiariki,Other,0.081519432
2002,Waiariki,United,-0.039718372
2002,Waikato,ACT,0.018700959
2002,Waikato,Alliance/Progressive,-0.010517039
2002,Waikato,Conservative,0.000326548
2002,Waikato,Green,-0.024217366
2002,Waikato,Labour,-0.097610398
2002,Waikato,National,0.066267521
2002,Waikato,NZ First,0.044639133
2002,Waikato,Other,0.001122222
2002,Waikato,United,0.001288419
2002,Waimakariri,ACT,-0.020208022
2002,Waimakariri,Alliance/Progressive,0.001581051
2002,Waimakariri,Conservative,0.000825168
2002,Waimakariri,Green,-0.018921916
2002,Waimakariri,Labour,0.001858279
2002,Waimakariri,National,0.017840048
2002,Waimakariri,NZ First,0.015924332
2002,Waimakariri,Other,0.001319432
2002,Waimakariri,United,-0.000218372
2002,Wairarapa,ACT,-0.013513781
2002,Wairarapa,Alliance/Progressive,-0.004221489
2002,Wairarapa,Conservative,0.014022418
2002,Wairarapa,Green,-0.012127675
2002,Wairarapa,Labour,-0.028579947
2002,Wairarapa,National,0.03991521
2002,Wairarapa,NZ First,0.013512643
2002,Wairarapa,Other,0.001616592
2002,Wairarapa,United,-0.010623971
2002,Waitākere,ACT,0.000391978
2002,Waitākere,Alliance/Progressive,0.006381051
2002,Waitākere,Conservative,0.000825168
2002,Waitākere,Green,0.026978084
2002,Waitākere,Labour,0.037558279
2002,Waitākere,National,-0.066859952
2002,Waitākere,NZ First,0.004124332
2002,Waitākere,Other,-0.009880568
2002,Waitākere,United,0.000481628
2002,Waitaki,ACT,-0.020913041
2002,Waitaki,Alliance/Progressive,-0.003821529
2002,Waitaki,Conservative,0.000323788
2002,Waitaki,Green,-0.006728215
2002,Waitaki,Labour,-0.000182787
2002,Waitaki,National,0.061013101
2002,Waitaki,NZ First,-0.023583647
2002,Waitaki,Other,0.005716182
2002,Waitaki,United,-0.011823851
2002,Wellington Bays,ACT,0.003899479
2002,Wellington Bays,Alliance/Progressive,0.013385351
2002,Wellington Bays,Conservative,-0.006574142
2002,Wellington Bays,Green,0.072892345
2002,Wellington Bays,Labour,0.026402003
2002,Wellington Bays,National,-0.04144325
2002,Wellington Bays,NZ First,-0.052970627
2002,Wellington Bays,Other,-0.008878778
2002,Wellington Bays,United,-0.006712381
2002,Wellington North,ACT,0.054504539
2002,Wellington North,Alliance/Progressive,0.007284741
2002,Wellington North,Conservative,-0.008974382
2002,Wellington North,Green,0.065991655
2002,Wellington North,Labour,-0.056906327
2002,Wellington North,National,0.01946284
2002,Wellington North,NZ First,-0.071472478
2002,Wellington North,Other,-0.014379328
2002,Wellington North,United,0.004488739
2002,West Coast-Tasman,ACT,-0.028808022
2002,West Coast-Tasman,Alliance/Progressive,0.004481051
2002,West Coast-Tasman,Conservative,0.003325168
2002,West Coast-Tasman,Green,0.028978084
2002,West Coast-Tasman,Labour,-0.068941721
2002,West Coast-Tasman,National,0.008440048
2002,West Coast-Tasman,NZ First,0.004324332
2002,West Coast-Tasman,Other,0.048619432
2002,West Coast-Tasman,United,-0.000418372
2002,Whanganui,ACT,-0.027703682
2002,Whanganui,Alliance/Progressive,0.003884401
2002,Whanganui,Conservative,0.012127728
2002,Whanganui,Green,-0.008215765
2002,Whanganui,Labour,-0.030803717
2002,Whanganui,National,0.03766466
2002,Whanganui,NZ First,0.021136783
2002,Whanganui,Other,-0.001378028
2002,Whanganui,United,-0.006712381
2002,Whangaparāoa,ACT,0.024982369
2002,Whangaparāoa,Alliance/Progressive,-0.010420869
2002,Whangaparāoa,Conservative,-0.003875792
2002,Whangaparāoa,Green,-0.018027085
2002,Whangaparāoa,Labour,-0.075675238
2002,Whangaparāoa,National,0.01911729
2002,Whangaparāoa,NZ First,0.047909204
2002,Whangaparāoa,Other,-0.009182328
2002,Whangaparāoa,United,0.025172449
2002,Whangārei,ACT,0.009091978
2002,Whangārei,Alliance/Progressive,-0.006418949
2002,Whangārei,Conservative,0.011425168
2002,Whangārei,Green,-0.003621916
2002,Whangārei,Labour,-0.056441721
2002,Whangārei,National,0.019640048
2002,Whangārei,NZ First,0.052424332
2002,Whangārei,Other,-0.005180568
2002,Whangārei,United,-0.020918372
2002,Wigram,ACT,-0.025003412
2002,Wigram,Alliance/Progressive,0.046688682
2002,Wigram,Conservative,0.001426658
2002,Wigram,Green,-0.016516595
2002,Wigram,Labour,0.033602723
2002,Wigram,National,-0.01784089
2002,Wigram,NZ First,-0.025067837
2002,Wigram,Other,-0.002178108
2002,Wigram,United,0.004888779
2005,Auckland Central,ACT,0.00302476
2005,Auckland Central,Alliance/Progressive,-0.003782468
2005,Auckland Central,Conservative,-0.004449212
2005,Auckland Central,Green,0.081196425
2005,Auckland Central,Labour,0.03852785
2005,Auckland Central,Māori,-0.014810039
2005,Auckland Central,National,-0.051978459
2005,Auckland Central,NZ First,-0.029810757
2005,Auckland Central,Other,-0.002798541
2005,Auckland Central,United,-0.01511956
2005,Banks Peninsula,ACT,-0.00457495
2005,Banks Peninsula,Alliance/Progressive,0.012121563
2005,Banks Peninsula,Conservative,-0.004248872
2005,Banks Peninsula,Green,0.048003178
2005,Banks Peninsula,Labour,-0.002035498
2005,Banks Peninsula,Māori,-0.019110269
2005,Banks Peninsula,National,-0.014637268
2005,Banks Peninsula,NZ First,-0.021506386
2005,Banks Peninsula,Other,-0.002297771
2005,Banks Peninsula,United,0.008286271
2005,Botany,ACT,0.018729711
2005,Botany,Alliance/Progressive,-0.003081478
2005,Botany,Conservative,0.000452068
2005,Botany,Green,-0.030912605
2005,Botany,Labour,-0.148264744
2005,Botany,Māori,-0.019810409
2005,Botany,National,0.208707401
2005,Botany,NZ First,-0.014504985
2005,Botany,Other,-0.004998311
2005,Botany,United,-0.006316649
2005,Christchurch Central,ACT,-0.00487603
2005,Christchurch Central,Alliance/Progressive,0.016719582
2005,Christchurch Central,Conservative,-0.002849052
2005,Christchurch Central,Green,0.033191625
2005,Christchurch Central,Labour,0.04922892
2005,Christchurch Central,Māori,-0.018110369
2005,Christchurch Central,National,-0.066279889
2005,Christchurch Central,NZ First,-0.016509427
2005,Christchurch Central,Other,0.002702009
2005,Christchurch Central,United,0.00678263
2005,Christchurch East,ACT,-0.00697705
2005,Christchurch East,Alliance/Progressive,0.014816682
2005,Christchurch East,Conservative,-0.001249512
2005,Christchurch East,Green,0.011883034
2005,Christchurch East,Labour,0.120283085
2005,Christchurch East,Māori,-0.018210669
2005,Christchurch East,National,-0.117012183
2005,Christchurch East,NZ First,-0.010013467
2005,Christchurch East,Other,0.000800789
2005,Christchurch East,United,0.00567929
2005,Coromandel,ACT,0.000125991
2005,Coromandel,Alliance/Progressive,-0.001981258
2005,Coromandel,Conservative,-0.000948212
2005,Coromandel,Green,0.021897957
2005,Coromandel,Labour,-0.088352762
2005,Coromandel,Māori,-0.016509749
2005,Coromandel,National,0.046674995
2005,Coromandel,NZ First,0.042606437
2005,Coromandel,Other,-0.000897491
2005,Coromandel,United,-0.002615909
2005,Dunedin,ACT,-0.00507705
2005,Dunedin,Alliance/Progressive,0.002616682
2005,Dunedin,Conservative,-0.003949512
2005,Dunedin,Green,0.057083034
2005,Dunedin,Labour,0.128183085
2005,Dunedin,Māori,-0.018210669
2005,Dunedin,National,-0.131012183
2005,Dunedin,NZ First,-0.026813467
2005,Dunedin,Other,-0.002799211
2005,Dunedin,United,-2.071E-05
2005,East Cape,ACT,-0.0075763
2005,East Cape,Alliance/Progressive,-0.002882378
2005,East Cape,Conservative,0.003451578
2005,East Cape,Green,-0.012812976
2005,East Cape,Labour,-0.027478751
2005,East Cape,Māori,-0.005009059
2005,East Cape,National,0.028929632
2005,East Cape,NZ First,0.020194244
2005,East Cape,Other,-0.002098471
2005,East Cape,United,0.00528248
2005,East Coast Bays,ACT,0.01182295
2005,East Coast Bays,Alliance/Progressive,-0.004383318
2005,East Coast Bays,Conservative,0.004350488
2005,East Coast Bays,Green,-0.016116966
2005,East Coast Bays,Labour,-0.135616915
2005,East Coast Bays,Māori,-0.018610669
2005,East Coast Bays,National,0.177287817
2005,East Coast Bays,NZ First,-0.011513467
2005,East Coast Bays,Other,-0.004099211
2005,East Coast Bays,United,-0.00312071
2005,Epsom,ACT,0.01772623
2005,Epsom,Alliance/Progressive,-0.006182708
2005,Epsom,Conservative,-0.004749242
2005,Epsom,Green,0.006188925
2005,Epsom,Labour,-0.122288232
2005,Epsom,Māori,-0.018010359
2005,Epsom,National,0.174444183
2005,Epsom,NZ First,-0.033211097
2005,Epsom,Other,-0.004698731
2005,Epsom,United,-0.00921897
2005,Glendene,ACT,0.003128412
2005,Glendene,Alliance/Progressive,2.03731E-05
2005,Glendene,Conservative,0.002253399
2005,Glendene,Green,-0.011504602
2005,Glendene,Labour,0.131445254
2005,Glendene,Māori,-0.014708748
2005,Glendene,National,-0.109528277
2005,Glendene,NZ First,-0.002297082
2005,Glendene,Other,0.00180418
2005,Glendene,United,-0.000612908
2005,Hamilton East,ACT,0.00402295
2005,Hamilton East,Alliance/Progressive,-0.002383318
2005,Hamilton East,Conservative,-0.003449512
2005,Hamilton East,Green,0.004683034
2005,Hamilton East,Labour,-0.038216915
2005,Hamilton East,Māori,-0.014710669
2005,Hamilton East,National,0.043987817
2005,Hamilton East,NZ First,0.000886533
2005,Hamilton East,Other,-0.002999211
2005,Hamilton East,United,0.00817929
2005,Hamilton West,ACT,0.000719791
2005,Hamilton West,Alliance/Progressive,-0.001385498
2005,Hamilton West,Conservative,-0.000950812
2005,Hamilton West,Green,-0.014224664
2005,Hamilton West,Labour,0.008999462
2005,Hamilton West,Māori,-0.014412009
2005,Hamilton West,National,0.002509473
2005,Hamilton West,NZ First,0.016971756
2005,Hamilton West,Other,-1.11061E-06
2005,Hamilton West,United,0.001773611
2005,Hauraki-Waikato,ACT,-0.01227677
2005,Hauraki-Waikato,Alliance/Progressive,-0.009283018
2005,Hauraki-Waikato,Conservative,0.009452178
2005,Hauraki-Waikato,Green,-0.025714266
2005,Hauraki-Waikato,Labour,0.139837981
2005,Hauraki-Waikato,Māori,0.249116354
2005,Hauraki-Waikato,National,-0.349508212
2005,Hauraki-Waikato,NZ First,0.003892614
2005,Hauraki-Waikato,Other,0.017303469
2005,Hauraki-Waikato,United,-0.02282033
2005,Henderson,ACT,0.00092295
2005,Henderson,Alliance/Progressive,-0.001183318
2005,Henderson,Conservative,0.002750488
2005,Henderson,Green,-0.017716966
2005,Henderson,Labour,0.081683085
2005,Henderson,Māori,-0.013910669
2005,Henderson,National,-0.057912183
2005,Henderson,NZ First,-0.000813467
2005,Henderson,Other,0.001400789
2005,Henderson,United,0.00477929
2005,Hutt South,ACT,-0.00167571
2005,Hutt South,Alliance/Progressive,-0.001982288
2005,Hutt South,Conservative,-0.002148982
2005,Hutt South,Green,0.005888895
2005,Hutt South,Labour,0.04162816
2005,Hutt South,Māori,-0.016210179
2005,Hutt South,National,-0.019875249
2005,Hutt South,NZ First,-0.020909867
2005,Hutt South,Other,-0.001798441
2005,Hutt South,United,0.01708366
2005,Ikaroa-Rāwhiti,ACT,-0.01337654
2005,Ikaroa-Rāwhiti,Alliance/Progressive,-0.009282418
2005,Ikaroa-Rāwhiti,Conservative,0.0122564
2005,Ikaroa-Rāwhiti,Green,-0.027209314
2005,Ikaroa-Rāwhiti,Labour,0.167856177
2005,Ikaroa-Rāwhiti,Māori,0.251371076
2005,Ikaroa-Rāwhiti,National,-0.36130381
2005,Ikaroa-Rāwhiti,NZ First,-0.010399513
2005,Ikaroa-Rāwhiti,Other,0.012807481
2005,Ikaroa-Rāwhiti,United,-0.02271954
2005,Ilam,ACT,0.00262295
2005,Ilam,Alliance/Progressive,0.001916682
2005,Ilam,Conservative,-0.004849512
2005,Ilam,Green,-0.002016966
2005,Ilam,Labour,-0.055916915
2005,Ilam,Māori,-0.019410669
2005,Ilam,National,0.092687817
2005,Ilam,NZ First,-0.021113467
2005,Ilam,Other,-0.003999211
2005,Ilam,United,0.01007929
2005,Invercargill,ACT,-0.000974229
2005,Invercargill,Alliance/Progressive,-0.000380938
2005,Invercargill,Conservative,-0.000448112
2005,Invercargill,Green,-0.023611145
2005,Invercargill,Labour,0.003765662
2005,Invercargill,Māori,-0.017810009
2005,Invercargill,National,0.041874035
2005,Invercargill,NZ First,-0.008903865
2005,Invercargill,Other,0.000802849
2005,Invercargill,United,0.005685751
2005,Kaikōura,ACT,-0.0005756
2005,Kaikōura,Alliance/Progressive,0.004818392
2005,Kaikōura,Conservative,-0.002248992
2005,Kaikōura,Green,0.004788785
2005,Kaikōura,Labour,-0.050281031
2005,Kaikōura,Māori,-0.017310289
2005,Kaikōura,National,0.059132652
2005,Kaikōura,NZ First,0.001492374
2005,Kaikōura,Other,-0.001298391
2005,Kaikōura,United,0.0014821
2005,Kaipara ki Mahurangi,ACT,0.00482295
2005,Kaipara ki Mahurangi,Alliance/Progressive,-0.004083318
2005,Kaipara ki Mahurangi,Conservative,-0.001149512
2005,Kaipara ki Mahurangi,Green,0.002983034
2005,Kaipara ki Mahurangi,Labour,-0.142516915
2005,Kaipara ki Mahurangi,Māori,-0.016510669
2005,Kaipara ki Mahurangi,National,0.136987817
2005,Kaipara ki Mahurangi,NZ First,0.019186533
2005,Kaipara ki Mahurangi,Other,-0.001799211
2005,Kaipara ki Mahurangi,United,0.00207929
2005,Kapiti,ACT,-0.00317705
2005,Kapiti,Alliance/Progressive,0.002216682
2005,Kapiti,Conservative,-0.002949512
2005,Kapiti,Green,0.009883034
2005,Kapiti,Labour,-0.031316915
2005,Kapiti,Māori,-0.016010669
2005,Kapiti,National,0.035287817
2005,Kapiti,NZ First,-0.006413467
2005,Kapiti,Other,-0.003499211
2005,Kapiti,United,0.01597929
2005,Kenepuru,ACT,-0.00407705
2005,Kenepuru,Alliance/Progressive,-0.002483318
2005,Kenepuru,Conservative,0.000650488
2005,Kenepuru,Green,-0.007116966
2005,Kenepuru,Labour,0.098383085
2005,Kenepuru,Māori,-0.014210669
2005,Kenepuru,National,-0.071212183
2005,Kenepuru,NZ First,-0.021913467
2005,Kenepuru,Other,-0.001799211
2005,Kenepuru,United,0.02377929
2005,Māngere,ACT,-0.01047751
2005,Māngere,Alliance/Progressive,0.003315122
2005,Māngere,Conservative,0.010148728
2005,Māngere,Green,-0.035418696
2005,Māngere,Labour,0.324009773
2005,Māngere,Māori,-0.009711809
2005,Māngere,National,-0.265624541
2005,Māngere,NZ First,-0.017317427
2005,Māngere,Other,0.011298709
2005,Māngere,United,-0.01022235
2005,Manurewa,ACT,-0.00717626
2005,Manurewa,Alliance/Progressive,0.004318342
2005,Manurewa,Conservative,0.006651898
2005,Manurewa,Green,-0.032714966
2005,Manurewa,Labour,0.203544352
2005,Manurewa,Māori,-0.007709329
2005,Manurewa,National,-0.16568983
2005,Manurewa,NZ First,0.000892314
2005,Manurewa,Other,0.005902329
2005,Manurewa,United,-0.00801885
2005,Maungakiekie,ACT,0.00672295
2005,Maungakiekie,Alliance/Progressive,-0.000383318
2005,Maungakiekie,Conservative,0.001150488
2005,Maungakiekie,Green,-0.006816966
2005,Maungakiekie,Labour,0.051083085
2005,Maungakiekie,Māori,-0.016710669
2005,Maungakiekie,National,-0.014712183
2005,Maungakiekie,NZ First,-0.016513467
2005,Maungakiekie,Other,-0.000299211
2005,Maungakiekie,United,-0.00352071
2005,Mt Albert,ACT,0.00542295
2005,Mt Albert,Alliance/Progressive,-0.001083318
2005,Mt Albert,Conservative,-0.002249512
2005,Mt Albert,Green,0.039683034
2005,Mt Albert,Labour,0.105683085
2005,Mt Albert,Māori,-0.016410669
2005,Mt Albert,National,-0.099412183
2005,Mt Albert,NZ First,-0.023613467
2005,Mt Albert,Other,-0.002099211
2005,Mt Albert,United,-0.00592071
2005,Mt Maunganui,ACT,-0.00697543
2005,Mt Maunganui,Alliance/Progressive,-0.004581778
2005,Mt Maunganui,Conservative,-4.80317E-05
2005,Mt Maunganui,Green,-0.017309885
2005,Mt Maunganui,Labour,-0.115858263
2005,Mt Maunganui,Māori,-0.017009849
2005,Mt Maunganui,National,0.087783216
2005,Mt Maunganui,NZ First,0.065711058
2005,Mt Maunganui,Other,-0.002897891
2005,Mt Maunganui,United,0.011186852
2005,Mt Roskill,ACT,0.010217891
2005,Mt Roskill,Alliance/Progressive,0.000114203
2005,Mt Roskill,Conservative,0.000148968
2005,Mt Roskill,Green,-0.017324045
2005,Mt Roskill,Labour,0.092782705
2005,Mt Roskill,Māori,-0.017711349
2005,Mt Roskill,National,-0.051779669
2005,Mt Roskill,NZ First,-0.016921465
2005,Mt Roskill,Other,0.000698749
2005,Mt Roskill,United,-0.000225989
2005,Napier,ACT,-0.00377592
2005,Napier,Alliance/Progressive,-0.002182308
2005,Napier,Conservative,-0.000748842
2005,Napier,Green,-0.006612355
2005,Napier,Labour,-0.008576861
2005,Napier,Māori,-0.015310089
2005,Napier,National,0.041330872
2005,Napier,NZ First,-0.000307806
2005,Napier,Other,-0.001498411
2005,Napier,United,-0.00231828
2005,Nelson,ACT,-0.00477602
2005,Nelson,Alliance/Progressive,0.000217932
2005,Nelson,Conservative,0.006351868
2005,Nelson,Green,0.026690975
2005,Nelson,Labour,0.02472647
2005,Nelson,Māori,-0.018510409
2005,Nelson,National,-0.027275989
2005,Nelson,NZ First,-0.014409217
2005,Nelson,Other,-0.000598321
2005,Nelson,United,0.00758271
2005,New Plymouth,ACT,-0.002674569
2005,New Plymouth,Alliance/Progressive,-0.004381738
2005,New Plymouth,Conservative,0.000952168
2005,New Plymouth,Green,0.000793736
2005,New Plymouth,Labour,-0.04414392
2005,New Plymouth,Māori,-0.016409729
2005,New Plymouth,National,0.064078476
2005,New Plymouth,NZ First,0.004598836
2005,New Plymouth,Other,0.000602809
2005,New Plymouth,United,-0.003416069
2005,North Shore,ACT,0.01521992
2005,North Shore,Alliance/Progressive,-0.005084038
2005,North Shore,Conservative,-0.002749982
2005,North Shore,Green,-0.001822055
2005,North Shore,Labour,-0.111146712
2005,North Shore,Māori,-0.018310949
2005,North Shore,National,0.145234373
2005,North Shore,NZ First,-0.012317926
2005,North Shore,Other,-0.003799781
2005,North Shore,United,-0.00522285
2005,Northcote,ACT,0.01122558
2005,Northcote,Alliance/Progressive,0.000217932
2005,Northcote,Conservative,-0.000548822
2005,Northcote,Green,-0.003011995
2005,Northcote,Labour,-0.018177821
2005,Northcote,Māori,-0.017010259
2005,Northcote,National,0.039330672
2005,Northcote,NZ First,-0.007008476
2005,Northcote,Other,-0.002298491
2005,Northcote,United,-0.00271832
2005,Northland,ACT,0.0004214
2005,Northland,Alliance/Progressive,-0.002584288
2005,Northland,Conservative,0.000349708
2005,Northland,Green,0.009776785
2005,Northland,Labour,-0.108946932
2005,Northland,Māori,-0.006012179
2005,Northland,National,0.068842012
2005,Northland,NZ First,0.043676474
2005,Northland,Other,0.001199719
2005,Northland,United,-0.0067227
2005,Ōtāhuhu,ACT,-0.00467601
2005,Ōtāhuhu,Alliance/Progressive,0.006018512
2005,Ōtāhuhu,Conservative,0.010752308
2005,Ōtāhuhu,Green,-0.034615156
2005,Ōtāhuhu,Labour,0.276651662
2005,Ōtāhuhu,Māori,-0.011509709
2005,Ōtāhuhu,National,-0.222595521
2005,Ōtāhuhu,NZ First,-0.013109087
2005,Ōtāhuhu,Other,0.008502589
2005,Ōtāhuhu,United,-0.01541959
2005,Pakuranga,ACT,0.02212295
2005,Pakuranga,Alliance/Progressive,-0.003783318
2005,Pakuranga,Conservative,0.000350488
2005,Pakuranga,Green,-0.027516966
2005,Pakuranga,Labour,-0.112316915
2005,Pakuranga,Māori,-0.019110669
2005,Pakuranga,National,0.146487817
2005,Pakuranga,NZ First,0.000886533
2005,Pakuranga,Other,-0.004699211
2005,Pakuranga,United,-0.00242071
2005,Palmerston North,ACT,-0.00577891
2005,Palmerston North,Alliance/Progressive,-0.000985578
2005,Palmerston North,Conservative,-0.002550492
2005,Palmerston North,Green,0.006071276
2005,Palmerston North,Labour,0.036294003
2005,Palmerston North,Māori,-0.016511589
2005,Palmerston North,National,-0.015886848
2005,Palmerston North,NZ First,-0.004124025
2005,Palmerston North,Other,-0.002900531
2005,Palmerston North,United,0.006372691
2005,Papakura,ACT,0.004119111
2005,Papakura,Alliance/Progressive,-0.001685438
2005,Papakura,Conservative,-0.000350932
2005,Papakura,Green,-0.025122485
2005,Papakura,Labour,-0.080782581
2005,Papakura,Māori,-0.014012089
2005,Papakura,National,0.099090157
2005,Papakura,NZ First,0.023670416
2005,Papakura,Other,-0.000600991
2005,Papakura,United,-0.004325169
2005,Port Waikato,ACT,0.00762295
2005,Port Waikato,Alliance/Progressive,-0.005183318
2005,Port Waikato,Conservative,-0.001249512
2005,Port Waikato,Green,-0.022016966
2005,Port Waikato,Labour,-0.139716915
2005,Port Waikato,Māori,-0.015210669
2005,Port Waikato,National,0.147087817
2005,Port Waikato,NZ First,0.032186533
2005,Port Waikato,Other,0.000800789
2005,Port Waikato,United,-0.00432071
2005,Rangitata,ACT,0.00302114
2005,Rangitata,Alliance/Progressive,0.004215032
2005,Rangitata,Conservative,-0.004049852
2005,Rangitata,Green,-0.015820656
2005,Rangitata,Labour,-0.026255201
2005,Rangitata,Māori,-0.020010779
2005,Rangitata,National,0.060342862
2005,Rangitata,NZ First,-0.000319126
2005,Rangitata,Other,0.000599779
2005,Rangitata,United,-0.0017232
2005,Rangitīkei,ACT,-0.00347937
2005,Rangitīkei,Alliance/Progressive,0.001913843
2005,Rangitīkei,Conservative,-0.002550492
2005,Rangitīkei,Green,-0.017723965
2005,Rangitīkei,Labour,-0.021794379
2005,Rangitīkei,Māori,-0.013412209
2005,Rangitīkei,National,0.034803014
2005,Rangitīkei,NZ First,0.021270896
2005,Rangitīkei,Other,-0.001100891
2005,Rangitīkei,United,0.002073551
2005,Remutaka,ACT,-0.00327705
2005,Remutaka,Alliance/Progressive,0.001116682
2005,Remutaka,Conservative,-0.000149512
2005,Remutaka,Green,-0.010516966
2005,Remutaka,Labour,0.073583085
2005,Remutaka,Māori,-0.015610669
2005,Remutaka,National,-0.055512183
2005,Remutaka,NZ First,-0.007913467
2005,Remutaka,Other,-0.000299211
2005,Remutaka,United,0.01857929
2005,Rotorua,ACT,-0.00317586
2005,Rotorua,Alliance/Progressive,-0.002582348
2005,Rotorua,Conservative,0.004851718
2005,Rotorua,Green,-0.014813176
2005,Rotorua,Labour,-0.079783981
2005,Rotorua,Māori,-0.009009459
2005,Rotorua,National,0.062532992
2005,Rotorua,NZ First,0.038696094
2005,Rotorua,Other,-0.001698431
2005,Rotorua,United,0.00498245
2005,Selwyn,ACT,0.005929252
2005,Selwyn,Alliance/Progressive,0.004121603
2005,Selwyn,Conservative,-0.005048792
2005,Selwyn,Green,-0.005102682
2005,Selwyn,Labour,-0.116229048
2005,Selwyn,Māori,-0.019410159
2005,Selwyn,National,0.138346085
2005,Selwyn,NZ First,-0.010999693
2005,Selwyn,Other,-0.004155657
2005,Selwyn,United,0.012891144
2005,Southland,ACT,0.003819171
2005,Southland,Alliance/Progressive,-0.003285118
2005,Southland,Conservative,-0.003350332
2005,Southland,Green,-0.010025504
2005,Southland,Labour,-0.099378862
2005,Southland,Māori,-0.019311029
2005,Southland,National,0.146380699
2005,Southland,NZ First,-0.018421165
2005,Southland,Other,-0.000101091
2005,Southland,United,0.003673231
2005,Taieri,ACT,-0.00637705
2005,Taieri,Alliance/Progressive,0.001916682
2005,Taieri,Conservative,-0.002549512
2005,Taieri,Green,-0.012116966
2005,Taieri,Labour,0.132183085
2005,Taieri,Māori,-0.019210669
2005,Taieri,National,-0.078912183
2005,Taieri,NZ First,-0.011413467
2005,Taieri,Other,-0.001099211
2005,Taieri,United,-0.00242071
2005,Takanini,ACT,-0.00047851
2005,Takanini,Alliance/Progressive,0.000815372
2005,Takanini,Conservative,0.002749468
2005,Takanini,Green,-0.032319006
2005,Takanini,Labour,0.03763841
2005,Takanini,Māori,-0.013011479
2005,Takanini,National,0.010347861
2005,Takanini,NZ First,-0.001818976
2005,Takanini,Other,9.98291E-05
2005,Takanini,United,-0.00402297
2005,Tāmaki,ACT,0.01272573
2005,Tāmaki,Alliance/Progressive,-0.005282618
2005,Tāmaki,Conservative,-0.004749242
2005,Tāmaki,Green,-0.013713066
2005,Tāmaki,Labour,-0.113287332
2005,Tāmaki,Māori,-0.017310289
2005,Tāmaki,National,0.175844323
2005,Tāmaki,NZ First,-0.020509827
2005,Tāmaki,Other,-0.003798641
2005,Tāmaki,United,-0.00991904
2005,Tāmaki Makaurau,ACT,-0.01287727
2005,Tāmaki Makaurau,Alliance/Progressive,-0.008283718
2005,Tāmaki Makaurau,Conservative,0.018247918
2005,Tāmaki Makaurau,Green,-0.020120226
2005,Tāmaki Makaurau,Labour,0.134028771
2005,Tāmaki Makaurau,Māori,0.253461874
2005,Tāmaki Makaurau,National,-0.349716132
2005,Tāmaki Makaurau,NZ First,-0.003318826
2005,Tāmaki Makaurau,Other,0.010798759
2005,Tāmaki Makaurau,United,-0.02222115
2005,Taranaki-King Country,ACT,0.00452099
2005,Taranaki-King Country,Alliance/Progressive,-0.003784168
2005,Taranaki-King Country,Conservative,0.002949448
2005,Taranaki-King Country,Green,-0.013420896
2005,Taranaki-King Country,Labour,-0.138343992
2005,Taranaki-King Country,Māori,-0.013511429
2005,Taranaki-King Country,National,0.143734523
2005,Taranaki-King Country,NZ First,0.021678674
2005,Taranaki-King Country,Other,-0.000100151
2005,Taranaki-King Country,United,-0.003723
2005,Taupō,ACT,-0.00167705
2005,Taupō,Alliance/Progressive,-0.003083318
2005,Taupō,Conservative,-0.002449512
2005,Taupō,Green,-0.018016966
2005,Taupō,Labour,-0.055116915
2005,Taupō,Māori,-0.012210669
2005,Taupō,National,0.076787817
2005,Taupō,NZ First,0.019286533
2005,Taupō,Other,-0.002199211
2005,Taupō,United,-0.00132071
2005,Tauranga,ACT,-0.005578
2005,Tauranga,Alliance/Progressive,-0.003984148
2005,Tauranga,Conservative,0.001149628
2005,Tauranga,Green,-0.017720466
2005,Tauranga,Labour,-0.116146212
2005,Tauranga,Māori,-0.018010979
2005,Tauranga,National,0.062542642
2005,Tauranga,NZ First,0.079772864
2005,Tauranga,Other,-0.001600001
2005,Tauranga,United,0.01957467
2005,Te Tai Hauāuru,ACT,-0.01367761
2005,Te Tai Hauāuru,Alliance/Progressive,-0.009884278
2005,Te Tai Hauāuru,Conservative,0.009843571
2005,Te Tai Hauāuru,Green,-0.022329121
2005,Te Tai Hauāuru,Labour,0.11667277
2005,Te Tai Hauāuru,Māori,0.289465101
2005,Te Tai Hauāuru,National,-0.352526857
2005,Te Tai Hauāuru,NZ First,-0.008932659
2005,Te Tai Hauāuru,Other,0.012691913
2005,Te Tai Hauāuru,United,-0.021322829
2005,Te Tai Tokerau,ACT,-0.01267753
2005,Te Tai Tokerau,Alliance/Progressive,-0.008384098
2005,Te Tai Tokerau,Conservative,0.013346329
2005,Te Tai Tokerau,Green,-0.026022305
2005,Te Tai Tokerau,Labour,0.076685925
2005,Te Tai Tokerau,Māori,0.284828143
2005,Te Tai Tokerau,National,-0.338922241
2005,Te Tai Tokerau,NZ First,0.021770796
2005,Te Tai Tokerau,Other,0.012238564
2005,Te Tai Tokerau,United,-0.02252153
2005,Te Tai Tonga,ACT,-0.01197674
2005,Te Tai Tonga,Alliance/Progressive,-0.002382328
2005,Te Tai Tonga,Conservative,0.004051638
2005,Te Tai Tonga,Green,0.013689675
2005,Te Tai Tonga,Labour,0.162440241
2005,Te Tai Tonga,Māori,0.147206163
2005,Te Tai Tonga,National,-0.312504512
2005,Te Tai Tonga,NZ First,0.005792804
2005,Te Tai Tonga,Other,0.009202659
2005,Te Tai Tonga,United,-0.0155196
2005,Tukituki,ACT,-0.00437919
2005,Tukituki,Alliance/Progressive,0.001213983
2005,Tukituki,Conservative,-0.001150772
2005,Tukituki,Green,-0.008125884
2005,Tukituki,Labour,-0.029692799
2005,Tukituki,Māori,-0.013712149
2005,Tukituki,National,0.065496876
2005,Tukituki,NZ First,-0.005223805
2005,Tukituki,Other,-0.001200871
2005,Tukituki,United,-0.003225389
2005,Upper Harbour,ACT,0.01052039
2005,Upper Harbour,Alliance/Progressive,-0.002384308
2005,Upper Harbour,Conservative,-0.000350222
2005,Upper Harbour,Green,-0.022020036
2005,Upper Harbour,Labour,-0.091048721
2005,Upper Harbour,Māori,-0.018010979
2005,Upper Harbour,National,0.133635533
2005,Upper Harbour,NZ First,-0.004318726
2005,Upper Harbour,Other,-0.002499911
2005,Upper Harbour,United,-0.00352302
2005,Waiariki,ACT,-0.01397672
2005,Waiariki,Alliance/Progressive,-0.009682538
2005,Waiariki,Conservative,0.01905844
2005,Waiariki,Green,-0.030010154
2005,Waiariki,Labour,0.113739942
2005,Waiariki,Māori,0.281980258
2005,Waiariki,National,-0.36140384
2005,Waiariki,NZ First,0.008706219
2005,Waiariki,Other,0.013807781
2005,Waiariki,United,-0.02221939
2005,Waikato,ACT,0.00792525
2005,Waikato,Alliance/Progressive,-0.004282518
2005,Waikato,Conservative,-0.002048972
2005,Waikato,Green,-0.021613856
2005,Waikato,Labour,-0.108486852
2005,Waikato,Māori,-0.016210179
2005,Waikato,National,0.115538292
2005,Waikato,NZ First,0.030495274
2005,Waikato,Other,-0.000998361
2005,Waikato,United,-0.00031808
2005,Waimakariri,ACT,-0.00617883
2005,Waimakariri,Alliance/Progressive,0.003613503
2005,Waimakariri,Conservative,-0.003350332
2005,Waimakariri,Green,-0.012225064
2005,Waimakariri,Labour,-0.006397458
2005,Waimakariri,Māori,-0.019610969
2005,Waimakariri,National,0.032703434
2005,Waimakariri,NZ First,0.008373476
2005,Waimakariri,Other,-0.000800951
2005,Waimakariri,United,0.003873191
2005,Wairarapa,ACT,-0.00327705
2005,Wairarapa,Alliance/Progressive,-0.003183318
2005,Wairarapa,Conservative,-0.003449512
2005,Wairarapa,Green,-0.008516966
2005,Wairarapa,Labour,-0.048816915
2005,Wairarapa,Māori,-0.016210669
2005,Wairarapa,National,0.061587817
2005,Wairarapa,NZ First,0.028786533
2005,Wairarapa,Other,-0.001899211
2005,Wairarapa,United,-0.00502071
2005,Waitākere,ACT,-0.000479969
2005,Waitākere,Alliance/Progressive,0.001213983
2005,Waitākere,Conservative,-0.000550892
2005,Waitākere,Green,0.023567777
2005,Waitākere,Labour,0.037693723
2005,Waitākere,Māori,-0.015711749
2005,Waitākere,National,-0.042281569
2005,Waitākere,NZ First,-0.001924465
2005,Waitākere,Other,-0.000600991
2005,Waitākere,United,-0.000925849
2005,Waitaki,ACT,-0.00227577
2005,Waitaki,Alliance/Progressive,0.001318042
2005,Waitaki,Conservative,-0.003449112
2005,Waitaki,Green,-0.001711865
2005,Waitaki,Labour,-0.028578861
2005,Waitaki,Māori,-0.019810539
2005,Waitaki,National,0.065333272
2005,Waitaki,NZ First,-0.008008576
2005,Waitaki,Other,0.000401779
2005,Waitaki,United,-0.00321837
2005,Wellington Bays,ACT,-0.00357705
2005,Wellington Bays,Alliance/Progressive,-0.001183318
2005,Wellington Bays,Conservative,-0.003649512
2005,Wellington Bays,Green,0.084283034
2005,Wellington Bays,Labour,0.083283085
2005,Wellington Bays,Māori,-0.015210669
2005,Wellington Bays,National,-0.114812183
2005,Wellington Bays,NZ First,-0.029013467
2005,Wellington Bays,Other,-0.001199211
2005,Wellington Bays,United,0.00107929
2005,Wellington North,ACT,0.005327031
2005,Wellington North,Alliance/Progressive,-0.004781818
2005,Wellington North,Conservative,-0.005449112
2005,Wellington North,Green,0.081709919
2005,Wellington North,Labour,-0.001335358
2005,Wellington North,Māori,-0.017509949
2005,Wellington North,National,-0.017537848
2005,Wellington North,NZ First,-0.038909866
2005,Wellington North,Other,-0.004198151
2005,Wellington North,United,0.002685151
2005,West Coast-Tasman,ACT,-0.00417596
2005,West Coast-Tasman,Alliance/Progressive,0.004718382
2005,West Coast-Tasman,Conservative,0.000251258
2005,West Coast-Tasman,Green,0.033991705
2005,West Coast-Tasman,Labour,-0.039179921
2005,West Coast-Tasman,Māori,-0.017710329
2005,West Coast-Tasman,National,0.009927731
2005,West Coast-Tasman,NZ First,0.004792704
2005,West Coast-Tasman,Other,0.002702009
2005,West Coast-Tasman,United,0.00468242
2005,Whanganui,ACT,-0.00427705
2005,Whanganui,Alliance/Progressive,0.001516682
2005,Whanganui,Conservative,0.002250488
2005,Whanganui,Green,-0.009516966
2005,Whanganui,Labour,-0.030716915
2005,Whanganui,Māori,-0.013010669
2005,Whanganui,National,0.039987817
2005,Whanganui,NZ First,0.012286533
2005,Whanganui,Other,0.002100789
2005,Whanganui,United,-0.00062071
2005,Whangaparāoa,ACT,0.00202124
2005,Whangaparāoa,Alliance/Progressive,-0.003184228
2005,Whangaparāoa,Conservative,-0.001050152
2005,Whangaparāoa,Green,-0.016320606
2005,Whangaparāoa,Labour,-0.129744852
2005,Whangaparāoa,Māori,-0.019010879
2005,Whangaparāoa,National,0.146834213
2005,Whangaparāoa,NZ First,0.020978744
2005,Whangaparāoa,Other,-0.004399721
2005,Whangaparāoa,United,0.00387624
2005,Whangārei,ACT,0.00462295
2005,Whangārei,Alliance/Progressive,-0.000283318
2005,Whangārei,Conservative,0.000350488
2005,Whangārei,Green,-0.005416966
2005,Whangārei,Labour,-0.045916915
2005,Whangārei,Māori,-0.013510669
2005,Whangārei,National,0.036987817
2005,Whangārei,NZ First,0.033786533
2005,Whangārei,Other,-0.001799211
2005,Whangārei,United,-0.00882071
2005,Wigram,ACT,-0.00637618
2005,Wigram,Alliance/Progressive,0.044222333
2005,Wigram,Conservative,-0.002749042
2005,Wigram,Green,-0.009212616
2005,Wigram,Labour,0.04712871
2005,Wigram,Māori,-0.018510409
2005,Wigram,National,-0.070580319
2005,Wigram,NZ First,-0.008808656
2005,Wigram,Other,0.014503189
2005,Wigram,United,0.01038299
2008,Auckland Central,ACT,0.005415459
2008,Auckland Central,Alliance/Progressive,-0.003124411
2008,Auckland Central,Conservative,-0.003412806
2008,Auckland Central,Green,0.086001371
2008,Auckland Central,Labour,0.00180864
2008,Auckland Central,Māori,-0.014556127
2008,Auckland Central,National,-0.042251682
2008,Auckland Central,NZ First,-0.017166808
2008,Auckland Central,Other,-0.008815221
2008,Auckland Central,United,-0.003898416
2008,Banks Peninsula,ACT,-0.010272569
2008,Banks Peninsula,Alliance/Progressive,0.017084331
2008,Banks Peninsula,Conservative,0.001389435
2008,Banks Peninsula,Green,0.05905444
2008,Banks Peninsula,Labour,-0.001656413
2008,Banks Peninsula,Māori,-0.017953466
2008,Banks Peninsula,National,-0.025284688
2008,Banks Peninsula,NZ First,-0.014556706
2008,Banks Peninsula,Other,-0.00880934
2008,Banks Peninsula,United,0.001004975
2008,Botany,ACT,0.019519629
2008,Botany,Alliance/Progressive,-0.003423741
2008,Botany,Conservative,-0.001412606
2008,Botany,Green,-0.039783341
2008,Botany,Labour,-0.143357363
2008,Botany,Māori,-0.021155207
2008,Botany,National,0.215488794
2008,Botany,NZ First,-0.016064478
2008,Botany,Other,-0.008313751
2008,Botany,United,-0.001497936
2008,Christchurch Central,ACT,-0.010582941
2008,Christchurch Central,Alliance/Progressive,0.019673309
2008,Christchurch Central,Conservative,0.002486604
2008,Christchurch Central,Green,0.04190578
2008,Christchurch Central,Labour,0.036205201
2008,Christchurch Central,Māori,-0.017655817
2008,Christchurch Central,National,-0.056250282
2008,Christchurch Central,NZ First,-0.010567468
2008,Christchurch Central,Other,-0.004615641
2008,Christchurch Central,United,-0.000598746
2008,Christchurch East,ACT,-0.016682331
2008,Christchurch East,Alliance/Progressive,0.013273949
2008,Christchurch East,Conservative,0.002286624
2008,Christchurch East,Green,0.01420855
2008,Christchurch East,Labour,0.115197302
2008,Christchurch East,Māori,-0.017855797
2008,Christchurch East,National,-0.105945313
2008,Christchurch East,NZ First,-0.002768248
2008,Christchurch East,Other,-0.001615941
2008,Christchurch East,United,-9.87959E-05
2008,Coromandel,ACT,0.002615739
2008,Coromandel,Alliance/Progressive,-0.003324391
2008,Coromandel,Conservative,0.001386714
2008,Coromandel,Green,0.01290868
2008,Coromandel,Labour,-0.08748243
2008,Coromandel,Māori,-0.016355947
2008,Coromandel,National,0.073436749
2008,Coromandel,NZ First,0.024729003
2008,Coromandel,Other,-0.006515451
2008,Coromandel,United,-0.001398666
2008,Dunedin,ACT,-0.01318499
2008,Dunedin,Alliance/Progressive,0.002673759
2008,Dunedin,Conservative,-0.001613366
2008,Dunedin,Green,0.088985485
2008,Dunedin,Labour,0.099455115
2008,Dunedin,Māori,-0.016956567
2008,Dunedin,National,-0.148270954
2008,Dunedin,NZ First,-0.005871397
2008,Dunedin,Other,-0.00571731
2008,Dunedin,United,0.000500224
2008,East Cape,ACT,-0.009480371
2008,East Cape,Alliance/Progressive,-0.003123741
2008,East Cape,Conservative,-0.001212606
2008,East Cape,Green,-0.007183341
2008,East Cape,Labour,-0.024057363
2008,East Cape,Māori,-0.007955207
2008,East Cape,National,0.023088794
2008,East Cape,NZ First,0.024635522
2008,East Cape,Other,-0.006513751
2008,East Cape,United,0.011802064
2008,East Coast Bays,ACT,0.02632589
2008,East Coast Bays,Alliance/Progressive,-0.003723131
2008,East Coast Bays,Conservative,-0.003712436
2008,East Coast Bays,Green,-0.023479001
2008,East Coast Bays,Labour,-0.149438491
2008,East Coast Bays,Māori,-0.020254857
2008,East Coast Bays,National,0.18845234
2008,East Coast Bays,NZ First,-0.013361768
2008,East Coast Bays,Other,0.000688669
2008,East Coast Bays,United,-0.001497216
2008,Epsom,ACT,0.025131911
2008,Epsom,Alliance/Progressive,-0.006022981
2008,Epsom,Conservative,-0.003312186
2008,Epsom,Green,0.004530942
2008,Epsom,Labour,-0.133016335
2008,Epsom,Māori,-0.017954047
2008,Epsom,National,0.170812359
2008,Epsom,NZ First,-0.025861557
2008,Epsom,Other,-0.012311511
2008,Epsom,United,-0.001996596
2008,Glendene,ACT,-0.007880371
2008,Glendene,Alliance/Progressive,-0.000623741
2008,Glendene,Conservative,-0.001312606
2008,Glendene,Green,-0.017083341
2008,Glendene,Labour,0.107742637
2008,Glendene,Māori,-0.015755207
2008,Glendene,National,-0.074811206
2008,Glendene,NZ First,0.001135522
2008,Glendene,Other,0.009886249
2008,Glendene,United,-0.001297936
2008,Hamilton East,ACT,0.004619629
2008,Hamilton East,Alliance/Progressive,-0.003723741
2008,Hamilton East,Conservative,0.000187394
2008,Hamilton East,Green,0.005216659
2008,Hamilton East,Labour,-0.030857363
2008,Hamilton East,Māori,-0.014255207
2008,Hamilton East,National,0.045688794
2008,Hamilton East,NZ First,-0.007564478
2008,Hamilton East,Other,-0.004113751
2008,Hamilton East,United,0.004802064
2008,Hamilton West,ACT,2.32594E-05
2008,Hamilton West,Alliance/Progressive,-0.003923151
2008,Hamilton West,Conservative,0.000387974
2008,Hamilton West,Green,-0.01577823
2008,Hamilton West,Labour,0.021378591
2008,Hamilton West,Māori,-0.013154147
2008,Hamilton West,National,0.005334029
2008,Hamilton West,NZ First,0.001939762
2008,Hamilton West,Other,0.001288729
2008,Hamilton West,United,0.002503184
2008,Hauraki-Waikato,ACT,-0.030680931
2008,Hauraki-Waikato,Alliance/Progressive,-0.007623961
2008,Hauraki-Waikato,Conservative,-0.003612786
2008,Hauraki-Waikato,Green,-0.036086421
2008,Hauraki-Waikato,Labour,0.178290992
2008,Hauraki-Waikato,Māori,0.249717446
2008,Hauraki-Waikato,National,-0.377018205
2008,Hauraki-Waikato,NZ First,0.013230153
2008,Hauraki-Waikato,Other,0.020581839
2008,Hauraki-Waikato,United,-0.006798126
2008,Henderson,ACT,-0.004380371
2008,Henderson,Alliance/Progressive,-0.001523741
2008,Henderson,Conservative,-0.001312606
2008,Henderson,Green,-0.023283341
2008,Henderson,Labour,0.073242637
2008,Henderson,Māori,-0.015455207
2008,Henderson,National,-0.031711206
2008,Henderson,NZ First,-0.005064478
2008,Henderson,Other,0.010386249
2008,Henderson,United,-0.000897936
2008,Hutt South,ACT,-0.006280371
2008,Hutt South,Alliance/Progressive,0.000576259
2008,Hutt South,Conservative,0.000387394
2008,Hutt South,Green,0.017616659
2008,Hutt South,Labour,0.051342637
2008,Hutt South,Māori,-0.015955207
2008,Hutt South,National,-0.039711206
2008,Hutt South,NZ First,-0.010064478
2008,Hutt South,Other,-0.005513751
2008,Hutt South,United,0.007602064
2008,Ikaroa-Rāwhiti,ACT,-0.033780121
2008,Ikaroa-Rāwhiti,Alliance/Progressive,-0.007823541
2008,Ikaroa-Rāwhiti,Conservative,-0.004112476
2008,Ikaroa-Rāwhiti,Green,-0.034180071
2008,Ikaroa-Rāwhiti,Labour,0.223998853
2008,Ikaroa-Rāwhiti,Māori,0.239971166
2008,Ikaroa-Rāwhiti,National,-0.398306336
2008,Ikaroa-Rāwhiti,NZ First,0.012640833
2008,Ikaroa-Rāwhiti,Other,0.009389539
2008,Ikaroa-Rāwhiti,United,-0.007797846
2008,Ilam,ACT,0.00092707
2008,Ilam,Alliance/Progressive,0.00747972
2008,Ilam,Conservative,-1.15258E-05
2008,Ilam,Green,0.011632362
2008,Ilam,Labour,-0.059601652
2008,Ilam,Māori,-0.018654187
2008,Ilam,National,0.077293655
2008,Ilam,NZ First,-0.015859557
2008,Ilam,Other,-0.00801065
2008,Ilam,United,0.004804765
2008,Invercargill,ACT,-0.008483151
2008,Invercargill,Alliance/Progressive,-2.47209E-05
2008,Invercargill,Conservative,-0.002512896
2008,Invercargill,Green,-0.025687461
2008,Invercargill,Labour,0.016107211
2008,Invercargill,Māori,-0.017955787
2008,Invercargill,National,0.040640029
2008,Invercargill,NZ First,-0.006767848
2008,Invercargill,Other,0.004383459
2008,Invercargill,United,0.000301164
2008,Kaikōura,ACT,-0.005577301
2008,Kaikōura,Alliance/Progressive,-0.001222881
2008,Kaikōura,Conservative,0.011889124
2008,Kaikōura,Green,0.00292364
2008,Kaikōura,Labour,-0.05762931
2008,Kaikōura,Māori,-0.018154647
2008,Kaikōura,National,0.069040399
2008,Kaikōura,NZ First,0.005040072
2008,Kaikōura,Other,-0.006812081
2008,Kaikōura,United,0.000502984
2008,Kaipara ki Mahurangi,ACT,0.03371263
2008,Kaipara ki Mahurangi,Alliance/Progressive,-0.003124411
2008,Kaipara ki Mahurangi,Conservative,0.001086744
2008,Kaipara ki Mahurangi,Green,-0.0022898
2008,Kaipara ki Mahurangi,Labour,-0.145876591
2008,Kaipara ki Mahurangi,Māori,-0.017155867
2008,Kaipara ki Mahurangi,National,0.14412968
2008,Kaipara ki Mahurangi,NZ First,-0.001868338
2008,Kaipara ki Mahurangi,Other,-0.007315371
2008,Kaipara ki Mahurangi,United,-0.001298676
2008,Kapiti,ACT,-0.004180371
2008,Kapiti,Alliance/Progressive,0.000676259
2008,Kapiti,Conservative,-0.000712606
2008,Kapiti,Green,0.015516659
2008,Kapiti,Labour,-0.015557363
2008,Kapiti,Māori,-0.015755207
2008,Kapiti,National,0.028188794
2008,Kapiti,NZ First,-0.003064478
2008,Kapiti,Other,-0.009613751
2008,Kapiti,United,0.004502064
2008,Kenepuru,ACT,-0.012682731
2008,Kenepuru,Alliance/Progressive,-0.001524571
2008,Kenepuru,Conservative,0.003286524
2008,Kenepuru,Green,0.00080989
2008,Kenepuru,Labour,0.112797542
2008,Kenepuru,Māori,-0.014656117
2008,Kenepuru,National,-0.084447462
2008,Kenepuru,NZ First,-0.012467278
2008,Kenepuru,Other,-0.000816021
2008,Kenepuru,United,0.009700224
2008,Māngere,ACT,-0.024979241
2008,Māngere,Alliance/Progressive,-0.002823041
2008,Māngere,Conservative,-0.002812346
2008,Māngere,Green,-0.046581311
2008,Māngere,Labour,0.269003353
2008,Māngere,Māori,-0.014254257
2008,Māngere,National,-0.279994504
2008,Māngere,NZ First,-0.007561188
2008,Māngere,Other,0.11029963
2008,Māngere,United,-0.000297096
2008,Manurewa,ACT,-0.014780371
2008,Manurewa,Alliance/Progressive,0.002276259
2008,Manurewa,Conservative,-0.002812606
2008,Manurewa,Green,-0.044783341
2008,Manurewa,Labour,0.198342637
2008,Manurewa,Māori,-0.010755207
2008,Manurewa,National,-0.167811206
2008,Manurewa,NZ First,0.006235522
2008,Manurewa,Other,0.036886249
2008,Manurewa,United,-0.002797936
2008,Maungakiekie,ACT,0.011514849
2008,Maungakiekie,Alliance/Progressive,-0.000124711
2008,Maungakiekie,Conservative,-0.002212926
2008,Maungakiekie,Green,-0.01178885
2008,Maungakiekie,Labour,0.037105111
2008,Maungakiekie,Māori,-0.017355847
2008,Maungakiekie,National,-0.007455162
2008,Maungakiekie,NZ First,-0.011667358
2008,Maungakiekie,Other,-0.001016001
2008,Maungakiekie,United,0.003000894
2008,Mt Albert,ACT,0.00022693
2008,Mt Albert,Alliance/Progressive,-0.002522281
2008,Mt Albert,Conservative,-0.001211766
2008,Mt Albert,Green,0.043338703
2008,Mt Albert,Labour,0.075325334
2008,Mt Albert,Māori,-0.016553767
2008,Mt Albert,National,-0.081038011
2008,Mt Albert,NZ First,-0.015459477
2008,Mt Albert,Other,-0.00040913
2008,Mt Albert,United,-0.001696536
2008,Mt Maunganui,ACT,-0.005777321
2008,Mt Maunganui,Alliance/Progressive,-0.004723231
2008,Mt Maunganui,Conservative,0.015189454
2008,Mt Maunganui,Green,-0.018478501
2008,Mt Maunganui,Labour,-0.122535801
2008,Mt Maunganui,Māori,-0.016854517
2008,Mt Maunganui,National,0.11884538
2008,Mt Maunganui,NZ First,0.045144083
2008,Mt Maunganui,Other,-0.009312331
2008,Mt Maunganui,United,-0.001497216
2008,Mt Roskill,ACT,-0.002580371
2008,Mt Roskill,Alliance/Progressive,-0.000423741
2008,Mt Roskill,Conservative,0.000287394
2008,Mt Roskill,Green,-0.026183341
2008,Mt Roskill,Labour,0.078542637
2008,Mt Roskill,Māori,-0.018955207
2008,Mt Roskill,National,-0.021411206
2008,Mt Roskill,NZ First,-0.010164478
2008,Mt Roskill,Other,0.000486249
2008,Mt Roskill,United,0.000402064
2008,Napier,ACT,0.001723429
2008,Napier,Alliance/Progressive,-0.001122871
2008,Napier,Conservative,0.000487984
2008,Napier,Green,-0.01197785
2008,Napier,Labour,0.00827728
2008,Napier,Māori,-0.015954427
2008,Napier,National,0.030436539
2008,Napier,NZ First,-0.004060838
2008,Napier,Other,-0.005011901
2008,Napier,United,-0.002797346
2008,Nelson,ACT,-0.011280371
2008,Nelson,Alliance/Progressive,-0.000823741
2008,Nelson,Conservative,0.001487394
2008,Nelson,Green,0.028216659
2008,Nelson,Labour,0.040142637
2008,Nelson,Māori,-0.018555207
2008,Nelson,National,-0.026811206
2008,Nelson,NZ First,-0.009964478
2008,Nelson,Other,-0.004313751
2008,Nelson,United,0.001902064
2008,New Plymouth,ACT,-0.003980371
2008,New Plymouth,Alliance/Progressive,-0.002423741
2008,New Plymouth,Conservative,-0.003112606
2008,New Plymouth,Green,-0.004183341
2008,New Plymouth,Labour,-0.030457363
2008,New Plymouth,Māori,-0.016155207
2008,New Plymouth,National,0.060688794
2008,New Plymouth,NZ First,3.5522E-05
2008,New Plymouth,Other,0.001986249
2008,New Plymouth,United,-0.002397936
2008,North Shore,ACT,0.03761224
2008,North Shore,Alliance/Progressive,-0.005024221
2008,North Shore,Conservative,-0.003312816
2008,North Shore,Green,-0.00168986
2008,North Shore,Labour,-0.125378641
2008,North Shore,Māori,-0.017855797
2008,North Shore,National,0.13413068
2008,North Shore,NZ First,-0.011367388
2008,North Shore,Other,-0.007815321
2008,North Shore,United,0.000701124
2008,Northcote,ACT,0.01611439
2008,Northcote,Alliance/Progressive,-0.001124611
2008,Northcote,Conservative,-0.000313116
2008,Northcote,Green,-0.00178985
2008,Northcote,Labour,-0.04128705
2008,Northcote,Māori,-0.017455837
2008,Northcote,National,0.057138379
2008,Northcote,NZ First,-0.009067618
2008,Northcote,Other,-0.003115791
2008,Northcote,United,0.000901104
2008,Northland,ACT,0.004615539
2008,Northland,Alliance/Progressive,-0.001324591
2008,Northland,Conservative,0.000386814
2008,Northland,Green,0.00600937
2008,Northland,Labour,-0.0857826
2008,Northland,Māori,-0.009156667
2008,Northland,National,0.068137279
2008,Northland,NZ First,0.022929183
2008,Northland,Other,-0.003715731
2008,Northland,United,-0.002098596
2008,Ōtāhuhu,ACT,-0.019678711
2008,Ōtāhuhu,Alliance/Progressive,0.002277469
2008,Ōtāhuhu,Conservative,-0.002012266
2008,Ōtāhuhu,Green,-0.050381691
2008,Ōtāhuhu,Labour,0.252101663
2008,Ōtāhuhu,Māori,-0.014254257
2008,Ōtāhuhu,National,-0.209287434
2008,Ōtāhuhu,NZ First,-0.008561288
2008,Ōtāhuhu,Other,0.053994
2008,Ōtāhuhu,United,-0.004197486
2008,Pakuranga,ACT,0.03462672
2008,Pakuranga,Alliance/Progressive,-0.002222981
2008,Pakuranga,Conservative,-0.002012266
2008,Pakuranga,Green,-0.030379691
2008,Pakuranga,Labour,-0.120835631
2008,Pakuranga,Māori,-0.020754907
2008,Pakuranga,National,0.15564906
2008,Pakuranga,NZ First,-0.006561088
2008,Pakuranga,Other,-0.008212221
2008,Pakuranga,United,0.000703004
2008,Palmerston North,ACT,-0.006983301
2008,Palmerston North,Alliance/Progressive,0.002175059
2008,Palmerston North,Conservative,-0.002212926
2008,Palmerston North,Green,-0.00078995
2008,Palmerston North,Labour,0.047604061
2008,Palmerston North,Māori,-0.016855897
2008,Palmerston North,National,-0.025053402
2008,Palmerston North,NZ First,-0.000768448
2008,Palmerston North,Other,-0.000816021
2008,Palmerston North,United,0.003700824
2008,Papakura,ACT,0.03421258
2008,Papakura,Alliance/Progressive,-0.002724451
2008,Papakura,Conservative,-0.002812866
2008,Papakura,Green,-0.033086721
2008,Papakura,Labour,-0.07798338
2008,Papakura,Māori,-0.014756107
2008,Papakura,National,0.084835609
2008,Papakura,NZ First,0.011130363
2008,Papakura,Other,0.001483749
2008,Papakura,United,-0.000298776
2008,Port Waikato,ACT,0.04651135
2008,Port Waikato,Alliance/Progressive,-0.003124411
2008,Port Waikato,Conservative,-0.000913056
2008,Port Waikato,Green,-0.035886441
2008,Port Waikato,Labour,-0.132077971
2008,Port Waikato,Māori,-0.016655917
2008,Port Waikato,National,0.14162993
2008,Port Waikato,NZ First,0.007630712
2008,Port Waikato,Other,-0.006815421
2008,Port Waikato,United,-0.000298776
2008,Rangitata,ACT,0.001123369
2008,Rangitata,Alliance/Progressive,-0.000122771
2008,Rangitata,Conservative,0.004488384
2008,Rangitata,Green,-0.025079161
2008,Rangitata,Labour,0.00787724
2008,Rangitata,Māori,-0.020654897
2008,Rangitata,National,0.035237019
2008,Rangitata,NZ First,-0.003060738
2008,Rangitata,Other,0.000288629
2008,Rangitata,United,-9.70759E-05
2008,Rangitīkei,ACT,-0.00448673
2008,Rangitīkei,Alliance/Progressive,0.001174059
2008,Rangitīkei,Conservative,-0.001613366
2008,Rangitīkei,Green,-0.020592599
2008,Rangitīkei,Labour,-0.00272445
2008,Rangitīkei,Māori,-0.015356887
2008,Rangitīkei,National,0.028793633
2008,Rangitīkei,NZ First,0.018523724
2008,Rangitīkei,Other,-0.00491747
2008,Rangitīkei,United,0.001200084
2008,Remutaka,ACT,-0.012180371
2008,Remutaka,Alliance/Progressive,0.000476259
2008,Remutaka,Conservative,0.001587394
2008,Remutaka,Green,-0.011683341
2008,Remutaka,Labour,0.093842637
2008,Remutaka,Māori,-0.016155207
2008,Remutaka,National,-0.058911206
2008,Remutaka,NZ First,0.000835522
2008,Remutaka,Other,-0.002913751
2008,Remutaka,United,0.005102064
2008,Rotorua,ACT,-0.011482851
2008,Rotorua,Alliance/Progressive,-0.002824441
2008,Rotorua,Conservative,0.001786674
2008,Rotorua,Green,-0.016988331
2008,Rotorua,Labour,-0.05818536
2008,Rotorua,Māori,-0.009356647
2008,Rotorua,National,0.079236169
2008,Rotorua,NZ First,0.020029473
2008,Rotorua,Other,-0.001415961
2008,Rotorua,United,-0.000798726
2008,Selwyn,ACT,0.004819629
2008,Selwyn,Alliance/Progressive,0.007476259
2008,Selwyn,Conservative,-0.000312606
2008,Selwyn,Green,-0.004083341
2008,Selwyn,Labour,-0.099557363
2008,Selwyn,Māori,-0.019155207
2008,Selwyn,National,0.119588794
2008,Selwyn,NZ First,-0.006864478
2008,Selwyn,Other,-0.005213751
2008,Selwyn,United,0.003302064
2008,Southland,ACT,0.002827451
2008,Southland,Alliance/Progressive,-0.001021981
2008,Southland,Conservative,-0.001611846
2008,Southland,Green,-0.007471459
2008,Southland,Labour,-0.105310794
2008,Southland,Māori,-0.018954247
2008,Southland,National,0.146107418
2008,Southland,NZ First,-0.011958777
2008,Southland,Other,-0.00110927
2008,Southland,United,-0.001496496
2008,Taieri,ACT,-0.013882611
2008,Taieri,Alliance/Progressive,0.003974879
2008,Taieri,Conservative,-0.001512996
2008,Taieri,Green,-0.00408962
2008,Taieri,Labour,0.112497572
2008,Taieri,Māori,-0.019655617
2008,Taieri,National,-0.079048002
2008,Taieri,NZ First,0.004930982
2008,Taieri,Other,-0.001815921
2008,Taieri,United,-0.001398666
2008,Takanini,ACT,0.012629411
2008,Takanini,Alliance/Progressive,7.82394E-05
2008,Takanini,Conservative,-0.003512226
2008,Takanini,Green,-0.0416783
2008,Takanini,Labour,-0.000589849
2008,Takanini,Māori,-0.016353727
2008,Takanini,National,0.044387074
2008,Takanini,NZ First,-0.001456676
2008,Takanini,Other,0.00749245
2008,Takanini,United,-0.000996396
2008,Tāmaki,ACT,0.040919629
2008,Tāmaki,Alliance/Progressive,-0.004623741
2008,Tāmaki,Conservative,-0.003412606
2008,Tāmaki,Green,-0.015183341
2008,Tāmaki,Labour,-0.115257363
2008,Tāmaki,Māori,-0.018255207
2008,Tāmaki,National,0.141588794
2008,Tāmaki,NZ First,-0.015264478
2008,Tāmaki,Other,-0.008813751
2008,Tāmaki,United,-0.001697936
2008,Tāmaki Makaurau,ACT,-0.02958238
2008,Tāmaki Makaurau,Alliance/Progressive,-0.007424461
2008,Tāmaki Makaurau,Conservative,-0.004112996
2008,Tāmaki Makaurau,Green,-0.027095277
2008,Tāmaki Makaurau,Labour,0.152695381
2008,Tāmaki Makaurau,Māori,0.257560398
2008,Tāmaki Makaurau,National,-0.373233339
2008,Tāmaki Makaurau,NZ First,0.018417857
2008,Tāmaki Makaurau,Other,0.020918552
2008,Tāmaki Makaurau,United,-0.007498296
2008,Taranaki-King Country,ACT,0.015129911
2008,Taranaki-King Country,Alliance/Progressive,-0.002922361
2008,Taranaki-King Country,Conservative,-0.000311586
2008,Taranaki-King Country,Green,-0.016473259
2008,Taranaki-King Country,Labour,-0.123914514
2008,Taranaki-King Country,Māori,-0.012052867
2008,Taranaki-King Country,National,0.138805957
2008,Taranaki-King Country,NZ First,0.003544324
2008,Taranaki-King Country,Other,-0.00170939
2008,Taranaki-King Country,United,-9.62157E-05
2008,Taupō,ACT,-0.001783821
2008,Taupō,Alliance/Progressive,-0.002624461
2008,Taupō,Conservative,-0.001612986
2008,Taupō,Green,-0.022087821
2008,Taupō,Labour,-0.04528665
2008,Taupō,Māori,-0.014556127
2008,Taupō,National,0.083035789
2008,Taupō,NZ First,0.010830393
2008,Taupō,Other,-0.005018257
2008,Taupō,United,-0.000698736
2008,Tauranga,ACT,-0.009077651
2008,Tauranga,Alliance/Progressive,-0.004723231
2008,Tauranga,Conservative,0.020089944
2008,Tauranga,Green,-0.023078961
2008,Tauranga,Labour,-0.118135361
2008,Tauranga,Māori,-0.018154647
2008,Tauranga,National,0.100143509
2008,Tauranga,NZ First,0.061645733
2008,Tauranga,Other,-0.006312031
2008,Tauranga,United,-0.002397306
2008,Te Tai Hauāuru,ACT,-0.032379591
2008,Te Tai Hauāuru,Alliance/Progressive,-0.007923361
2008,Te Tai Hauāuru,Conservative,-0.004312386
2008,Te Tai Hauāuru,Green,-0.0321764
2008,Te Tai Hauāuru,Labour,0.159442157
2008,Te Tai Hauāuru,Māori,0.278405225
2008,Te Tai Hauāuru,National,-0.382498303
2008,Te Tai Hauāuru,NZ First,0.010745764
2008,Te Tai Hauāuru,Other,0.018391915
2008,Te Tai Hauāuru,United,-0.007497696
2008,Te Tai Tokerau,ACT,-0.030680931
2008,Te Tai Tokerau,Alliance/Progressive,-0.006124111
2008,Te Tai Tokerau,Conservative,-0.003812766
2008,Te Tai Tokerau,Green,-0.032086821
2008,Te Tai Tokerau,Labour,0.110897731
2008,Te Tai Tokerau,Māori,0.279414476
2008,Te Tai Tokerau,National,-0.354220485
2008,Te Tai Tokerau,NZ First,0.032128263
2008,Te Tai Tokerau,Other,0.012115521
2008,Te Tai Tokerau,United,-0.007498056
2008,Te Tai Tonga,ACT,-0.029680371
2008,Te Tai Tonga,Alliance/Progressive,-0.002923741
2008,Te Tai Tonga,Conservative,-0.001912606
2008,Te Tai Tonga,Green,0.004616659
2008,Te Tai Tonga,Labour,0.149742637
2008,Te Tai Tonga,Māori,0.194444793
2008,Te Tai Tonga,National,-0.334611206
2008,Te Tai Tonga,NZ First,0.014435522
2008,Te Tai Tonga,Other,0.012686249
2008,Te Tai Tonga,United,-0.006797936
2008,Tukituki,ACT,0.005719629
2008,Tukituki,Alliance/Progressive,-0.000123741
2008,Tukituki,Conservative,-0.001612606
2008,Tukituki,Green,-0.006683341
2008,Tukituki,Labour,-0.013857363
2008,Tukituki,Māori,-0.015155207
2008,Tukituki,National,0.050088794
2008,Tukituki,NZ First,-0.008564478
2008,Tukituki,Other,-0.006613751
2008,Tukituki,United,-0.003197936
2008,Upper Harbour,ACT,0.023107751
2008,Upper Harbour,Alliance/Progressive,-0.004024901
2008,Upper Harbour,Conservative,-0.001713346
2008,Upper Harbour,Green,-0.028091099
2008,Upper Harbour,Labour,-0.119001194
2008,Upper Harbour,Māori,-0.018956167
2008,Upper Harbour,National,0.165566279
2008,Upper Harbour,NZ First,-0.015569457
2008,Upper Harbour,Other,-0.00061833
2008,Upper Harbour,United,-0.000699536
2008,Waiariki,ACT,-0.034181001
2008,Waiariki,Alliance/Progressive,-0.008124251
2008,Waiariki,Conservative,-0.002513476
2008,Waiariki,Green,-0.040891139
2008,Waiariki,Labour,0.108808547
2008,Waiariki,Māori,0.322740844
2008,Waiariki,National,-0.393127371
2008,Waiariki,NZ First,0.036012579
2008,Waiariki,Other,0.018673593
2008,Waiariki,United,-0.007398326
2008,Waikato,ACT,0.025131911
2008,Waikato,Alliance/Progressive,-0.003022381
2008,Waikato,Conservative,0.000188514
2008,Waikato,Green,-0.027575479
2008,Waikato,Labour,-0.107611254
2008,Waikato,Māori,-0.017153887
2008,Waikato,National,0.122202637
2008,Waikato,NZ First,0.012846184
2008,Waikato,Other,-0.00501005
2008,Waikato,United,3.80435E-06
2008,Waimakariri,ACT,-0.010780371
2008,Waimakariri,Alliance/Progressive,0.001176259
2008,Waimakariri,Conservative,0.005687394
2008,Waimakariri,Green,-0.012583341
2008,Waimakariri,Labour,-0.007857363
2008,Waimakariri,Māori,-0.019955207
2008,Waimakariri,National,0.051688794
2008,Waimakariri,NZ First,-0.000264478
2008,Waimakariri,Other,-0.007713751
2008,Waimakariri,United,0.000602064
2008,Wairarapa,ACT,0.008419629
2008,Wairarapa,Alliance/Progressive,-0.001623741
2008,Wairarapa,Conservative,-0.000712606
2008,Wairarapa,Green,-0.008583341
2008,Wairarapa,Labour,-0.026457363
2008,Wairarapa,Māori,-0.016655207
2008,Wairarapa,National,0.036088794
2008,Wairarapa,NZ First,0.015135522
2008,Wairarapa,Other,-0.003913751
2008,Wairarapa,United,-0.001697936
2008,Waitākere,ACT,0.003615639
2008,Waitākere,Alliance/Progressive,-0.000424681
2008,Waitākere,Conservative,-0.002112936
2008,Waitākere,Green,0.02240773
2008,Waitākere,Labour,0.033505471
2008,Waitākere,Māori,-0.016355947
2008,Waitākere,National,-0.036052302
2008,Waitākere,NZ First,-0.006067918
2008,Waitākere,Other,0.002283669
2008,Waitākere,United,-0.000798726
2008,Waitaki,ACT,-0.000383961
2008,Waitaki,Alliance/Progressive,0.001075169
2008,Waitaki,Conservative,-0.000613086
2008,Waitaki,Green,0.00400957
2008,Waitaki,Labour,-0.03788739
2008,Waitaki,Māori,-0.019355647
2008,Waitaki,National,0.063637729
2008,Waitaki,NZ First,-0.005068018
2008,Waitaki,Other,-0.003915711
2008,Waitaki,United,-0.001498656
2008,Wellington Bays,ACT,-0.01458471
2008,Wellington Bays,Alliance/Progressive,-0.001425421
2008,Wellington Bays,Conservative,-0.001413406
2008,Wellington Bays,Green,0.112780726
2008,Wellington Bays,Labour,0.078759254
2008,Wellington Bays,Māori,-0.014457067
2008,Wellington Bays,National,-0.136773254
2008,Wellington Bays,NZ First,-0.016869197
2008,Wellington Bays,Other,-0.00571731
2008,Wellington Bays,United,-0.000299616
2008,Wellington North,ACT,0.004719629
2008,Wellington North,Alliance/Progressive,-0.002723741
2008,Wellington North,Conservative,-0.003112606
2008,Wellington North,Green,0.114716659
2008,Wellington North,Labour,-0.009557363
2008,Wellington North,Māori,-0.015455207
2008,Wellington North,National,-0.055911206
2008,Wellington North,NZ First,-0.024864478
2008,Wellington North,Other,-0.011013751
2008,Wellington North,United,0.003202064
2008,West Coast-Tasman,ACT,-0.01488465
2008,West Coast-Tasman,Alliance/Progressive,-0.000625581
2008,West Coast-Tasman,Conservative,0.004685374
2008,West Coast-Tasman,Green,0.039495383
2008,West Coast-Tasman,Labour,-0.00592381
2008,West Coast-Tasman,Māori,-0.017656427
2008,West Coast-Tasman,National,-0.006699268
2008,West Coast-Tasman,NZ First,-0.002971977
2008,West Coast-Tasman,Other,0.00178119
2008,West Coast-Tasman,United,0.002799764
2008,Whanganui,ACT,-0.00407393
2008,Whanganui,Alliance/Progressive,-0.001622101
2008,Whanganui,Conservative,-0.000511626
2008,Whanganui,Green,-0.013972759
2008,Whanganui,Labour,0.007011671
2008,Whanganui,Māori,-0.013953247
2008,Whanganui,National,0.019282053
2008,Whanganui,NZ First,0.010945804
2008,Whanganui,Other,-0.00140933
2008,Whanganui,United,-0.001696536
2008,Whangaparāoa,ACT,0.02641336
2008,Whangaparāoa,Alliance/Progressive,-0.004224301
2008,Whangaparāoa,Conservative,0.002686584
2008,Whangaparāoa,Green,-0.022387791
2008,Whangaparāoa,Labour,-0.135977581
2008,Whangaparāoa,Māori,-0.019455637
2008,Whangaparāoa,National,0.15482861
2008,Whangaparāoa,NZ First,0.004631012
2008,Whangaparāoa,Other,-0.005715531
2008,Whangaparāoa,United,-0.000798726
2008,Whangārei,ACT,0.00032695
2008,Whangārei,Alliance/Progressive,0.00517926
2008,Whangārei,Conservative,-0.000811686
2008,Whangārei,Green,-0.006471259
2008,Whangārei,Labour,-0.051900112
2008,Whangārei,Māori,-0.014553367
2008,Whangārei,National,0.046787554
2008,Whangārei,NZ First,0.021547924
2008,Whangārei,Other,0.00159127
2008,Whangārei,United,-0.001696536
2008,Wigram,ACT,-0.016182381
2008,Wigram,Alliance/Progressive,0.04257102
2008,Wigram,Conservative,0.002686584
2008,Wigram,Green,-0.00688934
2008,Wigram,Labour,0.047504071
2008,Wigram,Māori,-0.018655717
2008,Wigram,National,-0.045051402
2008,Wigram,NZ First,-0.009267598
2008,Wigram,Other,0.001983699
2008,Wigram,United,0.001301064
2011,Auckland Central,ACT,0.001419571
2011,Auckland Central,Alliance/Progressive,-0.000235527
2011,Auckland Central,Conservative,-0.018040355
2011,Auckland Central,Green,0.115659236
2011,Auckland Central,Labour,-0.025467742
2011,Auckland Central,Mana,-0.004005086
2011,Auckland Central,Māori,0.002335273
2011,Auckland Central,National,-0.044490922
2011,Auckland Central,NZ First,-0.0238537
2011,Auckland Central,Other,0.000534082
2011,Auckland Central,United,-0.00385483
2011,Banks Peninsula,ACT,-0.003182829
2011,Banks Peninsula,Alliance/Progressive,0.000564413
2011,Banks Peninsula,Conservative,-0.009141995
2011,Banks Peninsula,Green,0.069114187
2011,Banks Peninsula,Labour,-0.029917132
2011,Banks Peninsula,Mana,-0.008206426
2011,Banks Peninsula,Māori,-0.010068028
2011,Banks Peninsula,National,0.015924181
2011,Banks Peninsula,NZ First,-0.019662002
2011,Banks Peninsula,Other,-0.004769119
2011,Banks Peninsula,United,-0.00065525
2011,Botany,ACT,0.006815431
2011,Botany,Alliance/Progressive,-0.000235617
2011,Botany,Conservative,0.001855195
2011,Botany,Green,-0.061490623
2011,Botany,Labour,-0.09693468
2011,Botany,Mana,-0.009606536
2011,Botany,Māori,-0.011468298
2011,Botany,National,0.201257158
2011,Botany,NZ First,-0.022466292
2011,Botany,Other,-0.004970169
2011,Botany,United,-0.00275557
2011,Christchurch Central,ACT,-0.003383549
2011,Christchurch Central,Alliance/Progressive,0.000664293
2011,Christchurch Central,Conservative,-0.006443975
2011,Christchurch Central,Green,0.053897839
2011,Christchurch Central,Labour,0.002355391
2011,Christchurch Central,Mana,-0.007806716
2011,Christchurch Central,Māori,-0.009568488
2011,Christchurch Central,National,-0.012721444
2011,Christchurch Central,NZ First,-0.016666872
2011,Christchurch Central,Other,-0.000670599
2011,Christchurch Central,United,0.00034412
2011,Christchurch East,ACT,-0.006183269
2011,Christchurch East,Alliance/Progressive,0.000464313
2011,Christchurch East,Conservative,-0.005544065
2011,Christchurch East,Green,0.016501578
2011,Christchurch East,Labour,0.055350091
2011,Christchurch East,Mana,-0.008006696
2011,Christchurch East,Māori,-0.010968348
2011,Christchurch East,National,-0.036519065
2011,Christchurch East,NZ First,-0.004168121
2011,Christchurch East,Other,-0.000270639
2011,Christchurch East,United,-0.00065578
2011,Coromandel,ACT,0.002514552
2011,Coromandel,Alliance/Progressive,-0.000435607
2011,Coromandel,Conservative,0.012750207
2011,Coromandel,Green,0.007990672
2011,Coromandel,Labour,-0.100151585
2011,Coromandel,Mana,-0.008006966
2011,Coromandel,Māori,-0.009568948
2011,Coromandel,National,0.052519882
2011,Coromandel,NZ First,0.042416442
2011,Coromandel,Other,-0.000772058
2011,Coromandel,United,0.00074341
2011,Dunedin,ACT,-0.003482829
2011,Dunedin,Alliance/Progressive,0.001164413
2011,Dunedin,Conservative,-0.013141995
2011,Dunedin,Green,0.121714187
2011,Dunedin,Labour,0.057182868
2011,Dunedin,Mana,-0.005306426
2011,Dunedin,Māori,-0.010168028
2011,Dunedin,National,-0.137675819
2011,Dunedin,NZ First,-0.008962002
2011,Dunedin,Other,-0.001469119
2011,Dunedin,United,0.00014475
2011,East Cape,ACT,-0.000980909
2011,East Cape,Alliance/Progressive,-0.000235527
2011,East Cape,Conservative,0.004664186
2011,East Cape,Green,-0.010766049
2011,East Cape,Labour,-0.033269302
2011,East Cape,Mana,-0.001304546
2011,East Cape,Māori,-0.003865968
2011,East Cape,National,0.0171214
2011,East Cape,NZ First,0.027956662
2011,East Cape,Other,-0.002166458
2011,East Cape,United,0.00284651
2011,East Coast Bays,ACT,0.005117171
2011,East Coast Bays,Alliance/Progressive,-0.000135587
2011,East Coast Bays,Conservative,0.011758005
2011,East Coast Bays,Green,-0.025985813
2011,East Coast Bays,Labour,-0.130217132
2011,East Coast Bays,Mana,-0.009006426
2011,East Coast Bays,Māori,-0.010168028
2011,East Coast Bays,National,0.185824181
2011,East Coast Bays,NZ First,-0.019862002
2011,East Coast Bays,Other,-0.005669119
2011,East Coast Bays,United,-0.00165525
2011,Epsom,ACT,0.014319661
2011,Epsom,Alliance/Progressive,-0.000235557
2011,Epsom,Conservative,-0.015140885
2011,Epsom,Green,0.013726518
2011,Epsom,Labour,-0.11390128
2011,Epsom,Mana,-0.008106166
2011,Epsom,Māori,-0.008067418
2011,Epsom,National,0.165687647
2011,Epsom,NZ First,-0.039059372
2011,Epsom,Other,-0.006368209
2011,Epsom,United,-0.00285494
2011,Glendene,ACT,-0.001682829
2011,Glendene,Alliance/Progressive,0.000164413
2011,Glendene,Conservative,-0.002641995
2011,Glendene,Green,-0.023785813
2011,Glendene,Labour,0.149782868
2011,Glendene,Mana,-0.005606426
2011,Glendene,Māori,-0.009168028
2011,Glendene,National,-0.107875819
2011,Glendene,NZ First,0.000737998
2011,Glendene,Other,0.002230881
2011,Glendene,United,-0.00215525
2011,Hamilton East,ACT,-0.000581829
2011,Hamilton East,Alliance/Progressive,-0.000335567
2011,Hamilton East,Conservative,0.007961425
2011,Hamilton East,Green,0.010026148
2011,Hamilton East,Labour,-0.02479237
2011,Hamilton East,Mana,-0.008006156
2011,Hamilton East,Māori,-0.008267438
2011,Hamilton East,National,0.034474526
2011,Hamilton East,NZ First,-0.011656631
2011,Hamilton East,Other,-0.000567629
2011,Hamilton East,United,0.00174552
2011,Hamilton West,ACT,-0.001682829
2011,Hamilton West,Alliance/Progressive,-0.000235587
2011,Hamilton West,Conservative,0.005458005
2011,Hamilton West,Green,-0.021385813
2011,Hamilton West,Labour,0.019282868
2011,Hamilton West,Mana,-0.007106426
2011,Hamilton West,Māori,-0.008468028
2011,Hamilton West,National,0.001424181
2011,Hamilton West,NZ First,0.010637998
2011,Hamilton West,Other,0.001030881
2011,Hamilton West,United,0.00104475
2011,Hauraki-Waikato,ACT,-0.008682829
2011,Hauraki-Waikato,Alliance/Progressive,-0.000435587
2011,Hauraki-Waikato,Conservative,-0.021941995
2011,Hauraki-Waikato,Green,-0.020685813
2011,Hauraki-Waikato,Labour,0.177582868
2011,Hauraki-Waikato,Mana,0.099393574
2011,Hauraki-Waikato,Māori,0.113031972
2011,Hauraki-Waikato,National,-0.388475819
2011,Hauraki-Waikato,NZ First,0.031337998
2011,Hauraki-Waikato,Other,0.022930881
2011,Hauraki-Waikato,United,-0.00405525
2011,Henderson,ACT,-0.002682039
2011,Henderson,Alliance/Progressive,-3.5537E-05
2011,Henderson,Conservative,0.000660695
2011,Henderson,Green,-0.034978352
2011,Henderson,Labour,0.118521962
2011,Henderson,Mana,-0.005305886
2011,Henderson,Māori,-0.008367448
2011,Henderson,National,-0.062535175
2011,Henderson,NZ First,-0.004155881
2011,Henderson,Other,0.001332561
2011,Henderson,United,-0.0024549
2011,Hutt South,ACT,-0.002882059
2011,Hutt South,Alliance/Progressive,6.4473E-05
2011,Hutt South,Conservative,-0.006239995
2011,Hutt South,Green,0.019127058
2011,Hutt South,Labour,0.043014411
2011,Hutt South,Mana,-0.007806136
2011,Hutt South,Māori,-0.008567468
2011,Hutt South,National,-0.027731695
2011,Hutt South,NZ First,-0.011456611
2011,Hutt South,Other,-0.003167889
2011,Hutt South,United,0.00564591
2011,Ikaroa-Rāwhiti,ACT,-0.008582829
2011,Ikaroa-Rāwhiti,Alliance/Progressive,-0.000435587
2011,Ikaroa-Rāwhiti,Conservative,-0.022341995
2011,Ikaroa-Rāwhiti,Green,-0.015385813
2011,Ikaroa-Rāwhiti,Labour,0.207782868
2011,Ikaroa-Rāwhiti,Mana,0.082593574
2011,Ikaroa-Rāwhiti,Māori,0.131931972
2011,Ikaroa-Rāwhiti,National,-0.409775819
2011,Ikaroa-Rāwhiti,NZ First,0.015637998
2011,Ikaroa-Rāwhiti,Other,0.023830881
2011,Ikaroa-Rāwhiti,United,-0.00525525
2011,Ilam,ACT,0.000617171
2011,Ilam,Alliance/Progressive,0.000164413
2011,Ilam,Conservative,-0.005641995
2011,Ilam,Green,0.019614187
2011,Ilam,Labour,-0.077417132
2011,Ilam,Mana,-0.009106426
2011,Ilam,Māori,-0.009368028
2011,Ilam,National,0.109424181
2011,Ilam,NZ First,-0.024662002
2011,Ilam,Other,-0.005069119
2011,Ilam,United,0.00144475
2011,Invercargill,ACT,0.003018531
2011,Invercargill,Alliance/Progressive,0.000464513
2011,Invercargill,Conservative,-0.005839955
2011,Invercargill,Green,-0.028877742
2011,Invercargill,Labour,0.003210431
2011,Invercargill,Mana,-0.008706226
2011,Invercargill,Māori,-0.009367548
2011,Invercargill,National,0.034874566
2011,Invercargill,NZ First,0.002044739
2011,Invercargill,Other,0.007133141
2011,Invercargill,United,0.00204555
2011,Kaikōura,ACT,0.000414971
2011,Kaikōura,Alliance/Progressive,6.4293E-05
2011,Kaikōura,Conservative,0.011450467
2011,Kaikōura,Green,0.000392191
2011,Kaikōura,Labour,-0.075556504
2011,Kaikōura,Mana,-0.009406686
2011,Kaikōura,Māori,-0.009868888
2011,Kaikōura,National,0.080414303
2011,Kaikōura,NZ First,-0.000374999
2011,Kaikōura,Other,-0.000472118
2011,Kaikōura,United,0.00294297
2011,Kaipara ki Mahurangi,ACT,0.004115701
2011,Kaipara ki Mahurangi,Alliance/Progressive,-0.000535587
2011,Kaipara ki Mahurangi,Conservative,0.028352546
2011,Kaipara ki Mahurangi,Green,-0.003396432
2011,Kaipara ki Mahurangi,Labour,-0.140830291
2011,Kaipara ki Mahurangi,Mana,-0.008306666
2011,Kaipara ki Mahurangi,Māori,-0.009568488
2011,Kaipara ki Mahurangi,National,0.135263757
2011,Kaipara ki Mahurangi,NZ First,-0.000168521
2011,Kaipara ki Mahurangi,Other,-0.003070359
2011,Kaipara ki Mahurangi,United,-0.00185566
2011,Kapiti,ACT,-0.004082829
2011,Kapiti,Alliance/Progressive,-0.000235587
2011,Kapiti,Conservative,-0.002441995
2011,Kapiti,Green,0.020914187
2011,Kapiti,Labour,-0.019417132
2011,Kapiti,Mana,-0.008206426
2011,Kapiti,Māori,-0.008468028
2011,Kapiti,National,0.035624181
2011,Kapiti,NZ First,-0.010762002
2011,Kapiti,Other,-0.004769119
2011,Kapiti,United,0.00184475
2011,Kenepuru,ACT,-0.004983389
2011,Kenepuru,Alliance/Progressive,-0.000135627
2011,Kenepuru,Conservative,-0.008543765
2011,Kenepuru,Green,0.001503078
2011,Kenepuru,Labour,0.114044222
2011,Kenepuru,Mana,-0.006606836
2011,Kenepuru,Māori,-0.008468598
2011,Kenepuru,National,-0.075615155
2011,Kenepuru,NZ First,-0.018966642
2011,Kenepuru,Other,0.000329301
2011,Kenepuru,United,0.00744341
2011,Māngere,ACT,-0.007482829
2011,Māngere,Alliance/Progressive,-0.000035587
2011,Māngere,Conservative,-0.010341995
2011,Māngere,Green,-0.072085813
2011,Māngere,Labour,0.428882868
2011,Māngere,Mana,-0.000806426
2011,Māngere,Māori,-0.008968028
2011,Māngere,National,-0.326075819
2011,Māngere,NZ First,-0.007762002
2011,Māngere,Other,0.008730881
2011,Māngere,United,-0.00405525
2011,Manurewa,ACT,-0.005882829
2011,Manurewa,Alliance/Progressive,0.000064413
2011,Manurewa,Conservative,-0.005241995
2011,Manurewa,Green,-0.071385813
2011,Manurewa,Labour,0.318482868
2011,Manurewa,Mana,-0.002606426
2011,Manurewa,Māori,-0.007368028
2011,Manurewa,National,-0.235575819
2011,Manurewa,NZ First,0.007937998
2011,Manurewa,Other,0.005630881
2011,Manurewa,United,-0.00405525
2011,Maungakiekie,ACT,0.001817171
2011,Maungakiekie,Alliance/Progressive,-0.000135587
2011,Maungakiekie,Conservative,-0.008741995
2011,Maungakiekie,Green,-0.014085813
2011,Maungakiekie,Labour,0.068782868
2011,Maungakiekie,Mana,-0.006906426
2011,Maungakiekie,Māori,-0.008168028
2011,Maungakiekie,National,-0.012775819
2011,Maungakiekie,NZ First,-0.014762002
2011,Maungakiekie,Other,-0.002969119
2011,Maungakiekie,United,-0.00205525
2011,Mt Albert,ACT,-0.000782829
2011,Mt Albert,Alliance/Progressive,-3.5587E-05
2011,Mt Albert,Conservative,-0.010141995
2011,Mt Albert,Green,0.061314187
2011,Mt Albert,Labour,0.082182868
2011,Mt Albert,Mana,-0.005106426
2011,Mt Albert,Māori,-0.008268028
2011,Mt Albert,National,-0.090175819
2011,Mt Albert,NZ First,-0.024262002
2011,Mt Albert,Other,-0.002369119
2011,Mt Albert,United,-0.00235525
2011,Mt Maunganui,ACT,-0.000482829
2011,Mt Maunganui,Alliance/Progressive,-0.000335587
2011,Mt Maunganui,Conservative,0.010458005
2011,Mt Maunganui,Green,-0.016385813
2011,Mt Maunganui,Labour,-0.132017132
2011,Mt Maunganui,Mana,-0.008106426
2011,Mt Maunganui,Māori,-0.008768028
2011,Mt Maunganui,National,0.095024181
2011,Mt Maunganui,NZ First,0.064337998
2011,Mt Maunganui,Other,-0.002969119
2011,Mt Maunganui,United,-0.00075525
2011,Mt Roskill,ACT,1.61111E-05
2011,Mt Roskill,Alliance/Progressive,-0.000235617
2011,Mt Roskill,Conservative,-0.000444575
2011,Mt Roskill,Green,-0.039792792
2011,Mt Roskill,Labour,0.147640862
2011,Mt Roskill,Mana,-0.008606636
2011,Mt Roskill,Māori,-0.010368408
2011,Mt Roskill,National,-0.073015415
2011,Mt Roskill,NZ First,-0.014167121
2011,Mt Roskill,Other,0.000829251
2011,Mt Roskill,United,-0.00185566
2011,Napier,ACT,0.000716041
2011,Napier,Alliance/Progressive,0.000464313
2011,Napier,Conservative,0.006854695
2011,Napier,Green,-0.013195452
2011,Napier,Labour,0.010354591
2011,Napier,Mana,-0.008206676
2011,Napier,Māori,-0.007968648
2011,Napier,National,0.021675116
2011,Napier,NZ First,-0.010467491
2011,Napier,Other,-0.000270639
2011,Napier,United,4.41501E-05
2011,Nelson,ACT,-0.003183569
2011,Nelson,Alliance/Progressive,-0.000135627
2011,Nelson,Conservative,0.000555325
2011,Nelson,Green,0.051498079
2011,Nelson,Labour,0.000755551
2011,Nelson,Mana,-0.008806616
2011,Nelson,Māori,-0.009468498
2011,Nelson,National,-0.022120505
2011,Nelson,NZ First,-0.011167421
2011,Nelson,Other,-0.001870479
2011,Nelson,United,0.00394376
2011,New Plymouth,ACT,0.000217171
2011,New Plymouth,Alliance/Progressive,-0.000235587
2011,New Plymouth,Conservative,-0.007041995
2011,New Plymouth,Green,-0.014785813
2011,New Plymouth,Labour,-0.020717132
2011,New Plymouth,Mana,-0.008506426
2011,New Plymouth,Māori,-0.007968028
2011,New Plymouth,National,0.064024181
2011,New Plymouth,NZ First,-0.001762002
2011,New Plymouth,Other,-0.001769119
2011,New Plymouth,United,-0.00145525
2011,North Shore,ACT,0.008517171
2011,North Shore,Alliance/Progressive,-0.000335587
2011,North Shore,Conservative,-0.003741995
2011,North Shore,Green,-0.002285813
2011,North Shore,Labour,-0.111017132
2011,North Shore,Mana,-0.009006426
2011,North Shore,Māori,-0.008268028
2011,North Shore,National,0.150724181
2011,North Shore,NZ First,-0.017262002
2011,North Shore,Other,-0.006169119
2011,North Shore,United,-0.00115525
2011,Northcote,ACT,0.004018631
2011,Northcote,Alliance/Progressive,-0.000235557
2011,Northcote,Conservative,-0.001239495
2011,Northcote,Green,-0.002375092
2011,Northcote,Labour,-0.02249214
2011,Northcote,Mana,-0.007706126
2011,Northcote,Māori,-0.008667478
2011,Northcote,National,0.050776156
2011,Northcote,NZ First,-0.008656331
2011,Northcote,Other,-0.003367909
2011,Northcote,United,-5.46599E-05
2011,Northland,ACT,0.005715541
2011,Northland,Alliance/Progressive,-0.000235617
2011,Northland,Conservative,0.024452936
2011,Northland,Green,0.006402588
2011,Northland,Labour,-0.09633474
2011,Northland,Mana,0.002192284
2011,Northland,Māori,-0.006068838
2011,Northland,National,0.027974486
2011,Northland,NZ First,0.035427919
2011,Northland,Other,0.001929141
2011,Northland,United,-0.0014557
2011,Ōtāhuhu,ACT,-0.004782249
2011,Ōtāhuhu,Alliance/Progressive,-0.000235557
2011,Ōtāhuhu,Conservative,-0.012040575
2011,Ōtāhuhu,Green,-0.078282683
2011,Ōtāhuhu,Labour,0.383548465
2011,Ōtāhuhu,Mana,-0.000905446
2011,Ōtāhuhu,Māori,-0.009567568
2011,Ōtāhuhu,National,-0.273656287
2011,Ōtāhuhu,NZ First,-0.006956161
2011,Ōtāhuhu,Other,0.007033131
2011,Ōtāhuhu,United,-0.00415507
2011,Pakuranga,ACT,0.007017171
2011,Pakuranga,Alliance/Progressive,0.000064413
2011,Pakuranga,Conservative,0.008358005
2011,Pakuranga,Green,-0.047485813
2011,Pakuranga,Labour,-0.091617132
2011,Pakuranga,Mana,-0.009506426
2011,Pakuranga,Māori,-0.010868028
2011,Pakuranga,National,0.160724181
2011,Pakuranga,NZ First,-0.009562002
2011,Pakuranga,Other,-0.005669119
2011,Pakuranga,United,-0.00145525
2011,Palmerston North,ACT,-0.002382829
2011,Palmerston North,Alliance/Progressive,0.000064413
2011,Palmerston North,Conservative,0.003958005
2011,Palmerston North,Green,-0.004785813
2011,Palmerston North,Labour,0.045182868
2011,Palmerston North,Mana,-0.008006426
2011,Palmerston North,Māori,-0.008768028
2011,Palmerston North,National,-0.012575819
2011,Palmerston North,NZ First,-0.010062002
2011,Palmerston North,Other,-0.002969119
2011,Palmerston North,United,0.00034475
2011,Papakura,ACT,0.002617171
2011,Papakura,Alliance/Progressive,-0.000235587
2011,Papakura,Conservative,0.005358005
2011,Papakura,Green,-0.048885813
2011,Papakura,Labour,-0.041217132
2011,Papakura,Mana,-0.006006426
2011,Papakura,Māori,-0.008768028
2011,Papakura,National,0.081024181
2011,Papakura,NZ First,0.019337998
2011,Papakura,Other,-0.001769119
2011,Papakura,United,-0.00145525
2011,Port Waikato,ACT,0.003812852
2011,Port Waikato,Alliance/Progressive,-0.000335647
2011,Port Waikato,Conservative,0.016945049
2011,Port Waikato,Green,-0.039406867
2011,Port Waikato,Labour,-0.112565088
2011,Port Waikato,Mana,-0.008007236
2011,Port Waikato,Māori,-0.007869917
2011,Port Waikato,National,0.128045075
2011,Port Waikato,NZ First,0.021411966
2011,Port Waikato,Other,-0.001673258
2011,Port Waikato,United,-0.000356929
2011,Rangitata,ACT,-0.000483839
2011,Rangitata,Alliance/Progressive,0.000164343
2011,Rangitata,Conservative,-0.002444375
2011,Rangitata,Green,-0.029793792
2011,Rangitata,Labour,-0.005443829
2011,Rangitata,Mana,-0.009806516
2011,Rangitata,Māori,-0.010768368
2011,Rangitata,National,0.062371046
2011,Rangitata,NZ First,-0.007967741
2011,Rangitata,Other,0.001629171
2011,Rangitata,United,0.0025439
2011,Rangitīkei,ACT,0.000716041
2011,Rangitīkei,Alliance/Progressive,-0.000135627
2011,Rangitīkei,Conservative,0.014353945
2011,Rangitīkei,Green,-0.027094062
2011,Rangitīkei,Labour,-0.005443829
2011,Rangitīkei,Mana,-0.008606636
2011,Rangitīkei,Māori,-0.008168628
2011,Rangitīkei,National,0.011476136
2011,Rangitīkei,NZ First,0.020829379
2011,Rangitīkei,Other,0.001129221
2011,Rangitīkei,United,0.00094406
2011,Remutaka,ACT,-0.004083479
2011,Remutaka,Alliance/Progressive,6.4353E-05
2011,Remutaka,Conservative,0.000255355
2011,Remutaka,Green,-0.013195452
2011,Remutaka,Labour,0.079247702
2011,Remutaka,Mana,-0.008006696
2011,Remutaka,Māori,-0.008568588
2011,Remutaka,National,-0.046518065
2011,Remutaka,NZ First,-0.001068431
2011,Remutaka,Other,-0.001570509
2011,Remutaka,United,0.00344381
2011,Rotorua,ACT,-0.002081979
2011,Rotorua,Alliance/Progressive,-0.000135547
2011,Rotorua,Conservative,0.005261155
2011,Rotorua,Green,-0.023377192
2011,Rotorua,Labour,-0.07419731
2011,Rotorua,Mana,-0.003705726
2011,Rotorua,Māori,-0.002266838
2011,Rotorua,National,0.060677146
2011,Rotorua,NZ First,0.038248359
2011,Rotorua,Other,-6.75788E-05
2011,Rotorua,United,0.00164551
2011,Selwyn,ACT,-0.000285918
2011,Selwyn,Alliance/Progressive,6.42331E-05
2011,Selwyn,Conservative,0.001649638
2011,Selwyn,Green,-0.003117753
2011,Selwyn,Labour,-0.125861099
2011,Selwyn,Mana,-0.009306846
2011,Selwyn,Māori,-0.010469138
2011,Selwyn,National,0.167933108
2011,Selwyn,NZ First,-0.016276728
2011,Selwyn,Other,-0.005572088
2011,Selwyn,United,0.001242591
2011,Southland,ACT,0.005713912
2011,Southland,Alliance/Progressive,6.4293E-05
2011,Southland,Conservative,0.002652226
2011,Southland,Green,-0.011505429
2011,Southland,Labour,-0.121647286
2011,Southland,Mana,-0.009606646
2011,Southland,Māori,-0.009868888
2011,Southland,National,0.161298126
2011,Southland,NZ First,-0.02007106
2011,Southland,Other,0.000427702
2011,Southland,United,0.00254305
2011,Taieri,ACT,-0.003382109
2011,Taieri,Alliance/Progressive,0.000864553
2011,Taieri,Conservative,-0.007440115
2011,Taieri,Green,0.002125358
2011,Taieri,Labour,0.064616571
2011,Taieri,Mana,-0.008806236
2011,Taieri,Māori,-0.010767688
2011,Taieri,National,-0.046633585
2011,Taieri,NZ First,0.007345269
2011,Taieri,Other,0.003032731
2011,Taieri,United,-0.00095475
2011,Takanini,ACT,-0.000283859
2011,Takanini,Alliance/Progressive,-3.5637E-05
2011,Takanini,Conservative,0.000855295
2011,Takanini,Green,-0.063390433
2011,Takanini,Labour,0.069148711
2011,Takanini,Mana,-0.006006896
2011,Takanini,Māori,-0.009168528
2011,Takanini,National,0.011276156
2011,Takanini,NZ First,0.002031259
2011,Takanini,Other,-0.001870479
2011,Takanini,United,-0.00255559
2011,Tāmaki,ACT,0.012819511
2011,Tāmaki,Alliance/Progressive,-0.000435577
2011,Tāmaki,Conservative,-0.011340505
2011,Tāmaki,Green,-0.024677322
2011,Tāmaki,Labour,-0.08159805
2011,Tāmaki,Mana,-0.007906146
2011,Tāmaki,Māori,-0.008967508
2011,Tāmaki,National,0.156186697
2011,Tāmaki,NZ First,-0.027558222
2011,Tāmaki,Other,-0.004568029
2011,Tāmaki,United,-0.00195485
2011,Tāmaki Makaurau,ACT,-0.009082679
2011,Tāmaki Makaurau,Alliance/Progressive,-0.000335567
2011,Tāmaki Makaurau,Conservative,-0.021541525
2011,Tāmaki Makaurau,Green,-0.015176372
2011,Tāmaki Makaurau,Labour,0.137823892
2011,Tāmaki Makaurau,Mana,0.124507095
2011,Tāmaki Makaurau,Māori,0.127546143
2011,Tāmaki Makaurau,National,-0.386267548
2011,Tāmaki Makaurau,NZ First,0.035148049
2011,Tāmaki Makaurau,Other,0.012833711
2011,Tāmaki Makaurau,United,-0.0054552
2011,Taranaki-King Country,ACT,0.003817171
2011,Taranaki-King Country,Alliance/Progressive,0.000164413
2011,Taranaki-King Country,Conservative,0.011758005
2011,Taranaki-King Country,Green,-0.025985813
2011,Taranaki-King Country,Labour,-0.110417132
2011,Taranaki-King Country,Mana,-0.007906426
2011,Taranaki-King Country,Māori,-0.006668028
2011,Taranaki-King Country,National,0.121624181
2011,Taranaki-King Country,NZ First,0.007737998
2011,Taranaki-King Country,Other,0.000830881
2011,Taranaki-King Country,United,0.00504475
2011,Taupō,ACT,0.000818311
2011,Taupō,Alliance/Progressive,-0.000235557
2011,Taupō,Conservative,0.010161645
2011,Taupō,Green,-0.034478302
2011,Taupō,Labour,-0.06939683
2011,Taupō,Mana,-0.006506006
2011,Taupō,Māori,-0.007467358
2011,Taupō,National,0.088079887
2011,Taupō,NZ First,0.018346369
2011,Taupō,Other,-0.002567829
2011,Taupō,United,0.00324567
2011,Tauranga,ACT,0.001518381
2011,Tauranga,Alliance/Progressive,-0.000235557
2011,Tauranga,Conservative,0.017662395
2011,Tauranga,Green,-0.028577712
2011,Tauranga,Labour,-0.123902281
2011,Tauranga,Mana,-0.009006256
2011,Tauranga,Māori,-0.008867498
2011,Tauranga,National,0.067977876
2011,Tauranga,NZ First,0.08535307
2011,Tauranga,Other,-0.001867759
2011,Tauranga,United,-5.46599E-05
2011,Te Tai Hauāuru,ACT,-0.009382709
2011,Te Tai Hauāuru,Alliance/Progressive,-0.000435577
2011,Te Tai Hauāuru,Conservative,-0.022641635
2011,Te Tai Hauāuru,Green,-0.000574912
2011,Te Tai Hauāuru,Labour,0.137723882
2011,Te Tai Hauāuru,Mana,0.069701615
2011,Te Tai Hauāuru,Māori,0.191252514
2011,Te Tai Hauāuru,National,-0.392768198
2011,Te Tai Hauāuru,NZ First,0.012145749
2011,Te Tai Hauāuru,Other,0.019634391
2011,Te Tai Hauāuru,United,-0.00465512
2011,Te Tai Tokerau,ACT,-0.008182829
2011,Te Tai Tokerau,Alliance/Progressive,-0.000335587
2011,Te Tai Tokerau,Conservative,-0.021141995
2011,Te Tai Tokerau,Green,-0.025085813
2011,Te Tai Tokerau,Labour,0.062482868
2011,Te Tai Tokerau,Mana,0.230993574
2011,Te Tai Tokerau,Māori,0.092731972
2011,Te Tai Tokerau,National,-0.378475819
2011,Te Tai Tokerau,NZ First,0.031837998
2011,Te Tai Tokerau,Other,0.020230881
2011,Te Tai Tokerau,United,-0.00505525
2011,Te Tai Tonga,ACT,-0.008782829
2011,Te Tai Tonga,Alliance/Progressive,-0.000135587
2011,Te Tai Tonga,Conservative,-0.019341995
2011,Te Tai Tonga,Green,0.046014187
2011,Te Tai Tonga,Labour,0.105782868
2011,Te Tai Tonga,Mana,0.046193574
2011,Te Tai Tonga,Māori,0.118031972
2011,Te Tai Tonga,National,-0.318775819
2011,Te Tai Tonga,NZ First,0.020937998
2011,Te Tai Tonga,Other,0.013530881
2011,Te Tai Tonga,United,-0.00345525
2011,Tukituki,ACT,0.003215791
2011,Tukituki,Alliance/Progressive,-3.5637E-05
2011,Tukituki,Conservative,0.011854195
2011,Tukituki,Green,-0.013095462
2011,Tukituki,Labour,-0.02954142
2011,Tukituki,Mana,-0.007306766
2011,Tukituki,Māori,-0.006568788
2011,Tukituki,National,0.050072276
2011,Tukituki,NZ First,-0.006867851
2011,Tukituki,Other,-0.002170449
2011,Tukituki,United,0.00044411
2011,Upper Harbour,ACT,0.003217171
2011,Upper Harbour,Alliance/Progressive,-0.000235587
2011,Upper Harbour,Conservative,0.006958005
2011,Upper Harbour,Green,-0.036785813
2011,Upper Harbour,Labour,-0.089617132
2011,Upper Harbour,Mana,-0.008906426
2011,Upper Harbour,Māori,-0.009568028
2011,Upper Harbour,National,0.158724181
2011,Upper Harbour,NZ First,-0.017862002
2011,Upper Harbour,Other,-0.004269119
2011,Upper Harbour,United,-0.00165525
2011,Waiariki,ACT,-0.009182829
2011,Waiariki,Alliance/Progressive,-0.000435587
2011,Waiariki,Conservative,-0.023241995
2011,Waiariki,Green,-0.023385813
2011,Waiariki,Labour,0.069782868
2011,Waiariki,Mana,0.151293574
2011,Waiariki,Māori,0.192731972
2011,Waiariki,National,-0.413575819
2011,Waiariki,NZ First,0.041537998
2011,Waiariki,Other,0.019330881
2011,Waiariki,United,-0.00485525
2011,Waikato,ACT,0.008517171
2011,Waikato,Alliance/Progressive,-0.000135587
2011,Waikato,Conservative,0.011758005
2011,Waikato,Green,-0.039585813
2011,Waikato,Labour,-0.108317132
2011,Waikato,Mana,-0.008206426
2011,Waikato,Māori,-0.008968028
2011,Waikato,National,0.124024181
2011,Waikato,NZ First,0.017937998
2011,Waikato,Other,0.001330881
2011,Waikato,United,0.00164475
2011,Waimakariri,ACT,-0.005283359
2011,Waimakariri,Alliance/Progressive,-3.5637E-05
2011,Waimakariri,Conservative,0.006654715
2011,Waimakariri,Green,-0.024594312
2011,Waimakariri,Labour,-0.04653972
2011,Waimakariri,Mana,-0.009806516
2011,Waimakariri,Māori,-0.011568288
2011,Waimakariri,National,0.099667317
2011,Waimakariri,NZ First,-0.006167921
2011,Waimakariri,Other,-0.002070459
2011,Waimakariri,United,-0.00025582
2011,Wairarapa,ACT,0.002518481
2011,Wairarapa,Alliance/Progressive,-0.000135547
2011,Wairarapa,Conservative,0.011961825
2011,Wairarapa,Green,-0.011676022
2011,Wairarapa,Labour,-0.04029392
2011,Wairarapa,Mana,-0.008606216
2011,Wairarapa,Māori,-0.007967408
2011,Wairarapa,National,0.040175096
2011,Wairarapa,NZ First,0.011745709
2011,Wairarapa,Other,0.001432571
2011,Wairarapa,United,0.00084543
2011,Waitākere,ACT,-0.001381909
2011,Waitākere,Alliance/Progressive,-0.000135547
2011,Waitākere,Conservative,-0.002239595
2011,Waitākere,Green,0.031828328
2011,Waitākere,Labour,0.057315841
2011,Waitākere,Mana,-0.005705926
2011,Waitākere,Māori,-0.009267538
2011,Waitākere,National,-0.064435365
2011,Waitākere,NZ First,-0.002055671
2011,Waitākere,Other,-0.001767749
2011,Waitākere,United,-0.00215487
2011,Waitaki,ACT,0.000618291
2011,Waitaki,Alliance/Progressive,6.4473E-05
2011,Waitaki,Conservative,0.002360865
2011,Waitaki,Green,0.009526098
2011,Waitaki,Labour,-0.05669556
2011,Waitaki,Mana,-0.009406296
2011,Waitaki,Māori,-0.010867698
2011,Waitaki,National,0.075878666
2011,Waitaki,NZ First,-0.014956961
2011,Waitaki,Other,0.001032531
2011,Waitaki,United,0.00244559
2011,Wellington Bays,ACT,-0.003582129
2011,Wellington Bays,Alliance/Progressive,6.4473E-05
2011,Wellington Bays,Conservative,-0.015840955
2011,Wellington Bays,Green,0.1415393
2011,Wellington Bays,Labour,0.056815791
2011,Wellington Bays,Mana,-0.004805836
2011,Wellington Bays,Māori,-0.007367348
2011,Wellington Bays,National,-0.141543076
2011,Wellington Bays,NZ First,-0.023057772
2011,Wellington Bays,Other,-0.002167789
2011,Wellington Bays,United,-5.46599E-05
2011,Wellington North,ACT,0.000417171
2011,Wellington North,Alliance/Progressive,-0.000235587
2011,Wellington North,Conservative,-0.018741995
2011,Wellington North,Green,0.137214187
2011,Wellington North,Labour,-0.017817132
2011,Wellington North,Mana,-0.005806426
2011,Wellington North,Māori,-0.007268028
2011,Wellington North,National,-0.045775819
2011,Wellington North,NZ First,-0.036662002
2011,Wellington North,Other,-0.007069119
2011,Wellington North,United,0.00174475
2011,West Coast-Tasman,ACT,-0.002485258
2011,West Coast-Tasman,Alliance/Progressive,-3.5737E-05
2011,West Coast-Tasman,Conservative,0.005248558
2011,West Coast-Tasman,Green,0.02977238
2011,West Coast-Tasman,Labour,-0.003997658
2011,West Coast-Tasman,Mana,-0.008007236
2011,West Coast-Tasman,Māori,-0.010069258
2011,West Coast-Tasman,National,-0.011213148
2011,West Coast-Tasman,NZ First,-0.009078887
2011,West Coast-Tasman,Other,0.002225573
2011,West Coast-Tasman,United,0.007640671
2011,Whanganui,ACT,0.000617171
2011,Whanganui,Alliance/Progressive,0.000064413
2011,Whanganui,Conservative,0.007558005
2011,Whanganui,Green,-0.020785813
2011,Whanganui,Labour,-0.009417132
2011,Whanganui,Mana,-0.008506426
2011,Whanganui,Māori,-0.006768028
2011,Whanganui,National,0.010624181
2011,Whanganui,NZ First,0.027337998
2011,Whanganui,Other,-6.9119E-05
2011,Whanganui,United,-0.00065525
2011,Whangaparāoa,ACT,0.000518281
2011,Whangaparāoa,Alliance/Progressive,-0.000135547
2011,Whangaparāoa,Conservative,0.034064036
2011,Whangaparāoa,Green,-0.035578412
2011,Whangaparāoa,Labour,-0.140003891
2011,Whangaparāoa,Mana,-0.009506306
2011,Whangaparāoa,Māori,-0.010667678
2011,Whangaparāoa,National,0.166187697
2011,Whangaparāoa,NZ First,0.001444679
2011,Whangaparāoa,Other,-0.004468019
2011,Whangaparāoa,United,-0.00185484
2011,Whangārei,ACT,0.006018831
2011,Whangārei,Alliance/Progressive,-0.000135547
2011,Whangārei,Conservative,0.015862215
2011,Whangārei,Green,-0.002775132
2011,Whangārei,Labour,-0.0690968
2011,Whangārei,Mana,-0.003605716
2011,Whangārei,Māori,-0.008067418
2011,Whangārei,National,0.030074086
2011,Whangārei,NZ First,0.030947629
2011,Whangārei,Other,0.001632591
2011,Whangārei,United,-0.00085474
2011,Wigram,ACT,-0.004283459
2011,Wigram,Alliance/Progressive,0.003763983
2011,Wigram,Conservative,-0.002944325
2011,Wigram,Green,0.004902738
2011,Wigram,Labour,0.011454481
2011,Wigram,Mana,-0.008906606
2011,Wigram,Māori,-0.010068438
2011,Wigram,National,0.009976286
2011,Wigram,NZ First,-0.005068031
2011,Wigram,Other,0.000229311
2011,Wigram,United,0.00094406
2014,Auckland Central,ACT,0.002992681
2014,Auckland Central,Conservative,-0.024062415
2014,Auckland Central,Green,0.123975302
2014,Auckland Central,Labour,-0.022094649
2014,Auckland Central,Mana,0.005089122
2014,Auckland Central,Māori,-0.00808043
2014,Auckland Central,National,-0.034487048
2014,Auckland Central,NZ First,-0.037704647
2014,Auckland Central,Other,-0.005240257
2014,Auckland Central,United,-0.00038766
2014,Banks Peninsula,ACT,-0.002705489
2014,Banks Peninsula,Conservative,-0.009754904
2014,Banks Peninsula,Green,0.074434537
2014,Banks Peninsula,Labour,-0.022326272
2014,Banks Peninsula,Mana,-0.007007538
2014,Banks Peninsula,Māori,-0.00927914
2014,Banks Peninsula,National,0.004050786
2014,Banks Peninsula,NZ First,-0.022487055
2014,Banks Peninsula,Other,-0.004637827
2014,Banks Peninsula,United,-0.0002871
2014,Botany,ACT,0.018191161
2014,Botany,Conservative,0.007234455
2014,Botany,Green,-0.05920638
2014,Botany,Labour,-0.09838702
2014,Botany,Mana,-0.009009468
2014,Botany,Māori,-0.0113801
2014,Botany,National,0.189590544
2014,Botany,NZ First,-0.030305387
2014,Botany,Other,-0.006040177
2014,Botany,United,-0.00068763
2014,Christchurch Central,ACT,-0.001706849
2014,Christchurch Central,Conservative,-0.008463975
2014,Christchurch Central,Green,0.051582541
2014,Christchurch Central,Labour,0.010502091
2014,Christchurch Central,Mana,-0.004709898
2014,Christchurch Central,Māori,-0.00848039
2014,Christchurch Central,National,-0.023588138
2014,Christchurch Central,NZ First,-0.013407076
2014,Christchurch Central,Other,-0.002040577
2014,Christchurch Central,United,0.00031227
2014,Christchurch East,ACT,-0.003506669
2014,Christchurch East,Conservative,-0.007564065
2014,Christchurch East,Green,0.024185281
2014,Christchurch East,Labour,0.072595882
2014,Christchurch East,Mana,-0.004409928
2014,Christchurch East,Māori,-0.00908033
2014,Christchurch East,National,-0.079282569
2014,Christchurch East,NZ First,0.007090874
2014,Christchurch East,Other,5.92131E-05
2014,Christchurch East,United,-8.769E-05
2014,Coromandel,ACT,-0.003506329
2014,Coromandel,Conservative,0.013839135
2014,Coromandel,Green,-0.00670165
2014,Coromandel,Labour,-0.099071841
2014,Coromandel,Mana,-0.007008958
2014,Coromandel,Māori,-0.00827992
2014,Coromandel,National,0.072256328
2014,Coromandel,NZ First,0.041000203
2014,Coromandel,Other,-0.001939487
2014,Coromandel,United,-0.00058748
2014,Dunedin,ACT,-0.003606989
2014,Dunedin,Conservative,-0.012966184
2014,Dunedin,Green,0.122252599
2014,Dunedin,Labour,0.067664591
2014,Dunedin,Mana,0.002287763
2014,Dunedin,Māori,-0.00958064
2014,Dunedin,National,-0.14570818
2014,Dunedin,NZ First,-0.019013234
2014,Dunedin,Other,-0.001641747
2014,Dunedin,United,0.00031202
2014,East Cape,ACT,-0.004606329
2014,East Cape,Conservative,0.001039135
2014,East Cape,Green,-0.01480165
2014,East Cape,Labour,-0.023771841
2014,East Cape,Mana,-0.002408958
2014,East Cape,Māori,-0.00377992
2014,East Cape,National,0.015956328
2014,East Cape,NZ First,0.031700203
2014,East Cape,Other,0.000660513
2014,East Cape,United,1.252E-05
2014,East Coast Bays,ACT,0.010393671
2014,East Coast Bays,Conservative,0.028239135
2014,East Coast Bays,Green,-0.02250165
2014,East Coast Bays,Labour,-0.131271841
2014,East Coast Bays,Mana,-0.006708958
2014,East Coast Bays,Māori,-0.00927992
2014,East Coast Bays,National,0.161756328
2014,East Coast Bays,NZ First,-0.025599797
2014,East Coast Bays,Other,-0.005139487
2014,East Coast Bays,United,0.00011252
2014,Epsom,ACT,0.019491031
2014,Epsom,Conservative,-0.015063315
2014,Epsom,Green,0.025085191
2014,Epsom,Labour,-0.1105858
2014,Epsom,Mana,-0.005009868
2014,Epsom,Māori,-0.0083804
2014,Epsom,National,0.153294174
2014,Epsom,NZ First,-0.051103307
2014,Epsom,Other,-0.007140067
2014,Epsom,United,-0.00058764
2014,Glendene,ACT,0.006393671
2014,Glendene,Conservative,-0.006160865
2014,Glendene,Green,-0.01070165
2014,Glendene,Labour,0.141128159
2014,Glendene,Mana,-0.001608958
2014,Glendene,Māori,-0.00917992
2014,Glendene,National,-0.112043672
2014,Glendene,NZ First,-0.004899797
2014,Glendene,Other,-0.002339487
2014,Glendene,United,-0.00058748
2014,Hamilton East,ACT,0.000292231
2014,Hamilton East,Conservative,0.008229577
2014,Hamilton East,Green,0.003376374
2014,Hamilton East,Labour,-0.013319212
2014,Hamilton East,Mana,-0.004110958
2014,Hamilton East,Māori,-0.0067812
2014,Hamilton East,National,0.029056867
2014,Hamilton East,NZ First,-0.015114014
2014,Hamilton East,Other,-0.002441587
2014,Hamilton East,United,0.00081192
2014,Hamilton West,ACT,-0.002305869
2014,Hamilton West,Conservative,0.006743765
2014,Hamilton West,Green,-0.024193419
2014,Hamilton West,Labour,0.007953971
2014,Hamilton West,Mana,-0.006908238
2014,Hamilton West,Māori,-0.00757936
2014,Hamilton West,National,0.003003452
2014,Hamilton West,NZ First,0.022511074
2014,Hamilton West,Other,0.000361843
2014,Hamilton West,United,0.00041278
2014,Hauraki-Waikato,ACT,-0.005206329
2014,Hauraki-Waikato,Conservative,-0.032360865
2014,Hauraki-Waikato,Green,-0.01130165
2014,Hauraki-Waikato,Labour,0.212128159
2014,Hauraki-Waikato,Mana,0.064791042
2014,Hauraki-Waikato,Māori,0.10532008
2014,Hauraki-Waikato,National,-0.394843672
2014,Hauraki-Waikato,NZ First,0.044600203
2014,Hauraki-Waikato,Other,0.018460513
2014,Hauraki-Waikato,United,-0.00158748
2014,Henderson,ACT,0.004992481
2014,Henderson,Conservative,-0.001264695
2014,Henderson,Green,-0.036208679
2014,Henderson,Labour,0.113491792
2014,Henderson,Mana,-0.002510118
2014,Henderson,Māori,-0.00978026
2014,Henderson,National,-0.065883908
2014,Henderson,NZ First,-0.001608256
2014,Henderson,Other,-0.000740707
2014,Henderson,United,-0.00048765
2014,Hutt South,ACT,-0.000505049
2014,Hutt South,Conservative,-0.004453844
2014,Hutt South,Green,0.021123875
2014,Hutt South,Labour,0.02978415
2014,Hutt South,Mana,-0.006907518
2014,Hutt South,Māori,-0.00797888
2014,Hutt South,National,-0.018753774
2014,Hutt South,NZ First,-0.012985154
2014,Hutt South,Other,-0.001237147
2014,Hutt South,United,0.00191334
2014,Ikaroa-Rāwhiti,ACT,-0.005906329
2014,Ikaroa-Rāwhiti,Conservative,-0.033860865
2014,Ikaroa-Rāwhiti,Green,-0.00150165
2014,Ikaroa-Rāwhiti,Labour,0.220728159
2014,Ikaroa-Rāwhiti,Mana,0.081791042
2014,Ikaroa-Rāwhiti,Māori,0.10892008
2014,Ikaroa-Rāwhiti,National,-0.412643672
2014,Ikaroa-Rāwhiti,NZ First,0.026800203
2014,Ikaroa-Rāwhiti,Other,0.017560513
2014,Ikaroa-Rāwhiti,United,-0.00188748
2014,Ilam,ACT,0.003095671
2014,Ilam,Conservative,-0.002453444
2014,Ilam,Green,0.019323515
2014,Ilam,Labour,-0.070235854
2014,Ilam,Mana,-0.007707678
2014,Ilam,Māori,-0.00847898
2014,Ilam,National,0.10517101
2014,Ilam,NZ First,-0.033089175
2014,Ilam,Other,-0.005938087
2014,Ilam,United,0.00031302
2014,Invercargill,ACT,-0.003306329
2014,Invercargill,Conservative,-0.001260865
2014,Invercargill,Green,-0.03380165
2014,Invercargill,Labour,-0.008971841
2014,Invercargill,Mana,-0.008208958
2014,Invercargill,Māori,-0.00997992
2014,Invercargill,National,0.035156328
2014,Invercargill,NZ First,0.023000203
2014,Invercargill,Other,0.007560513
2014,Invercargill,United,-0.00018748
2014,Kaikōura,ACT,-0.003006719
2014,Kaikōura,Conservative,0.006934485
2014,Kaikōura,Green,-0.015010799
2014,Kaikōura,Labour,-0.07978888
2014,Kaikōura,Mana,-0.009509418
2014,Kaikōura,Māori,-0.00958028
2014,Kaikōura,National,0.096199883
2014,Kaikōura,NZ First,0.011990384
2014,Kaikōura,Other,0.001359083
2014,Kaikōura,United,0.00041226
2014,Kaipara ki Mahurangi,ACT,-0.000406329
2014,Kaipara ki Mahurangi,Conservative,0.021139135
2014,Kaipara ki Mahurangi,Green,-0.00100165
2014,Kaipara ki Mahurangi,Labour,-0.133371841
2014,Kaipara ki Mahurangi,Mana,-0.008008958
2014,Kaipara ki Mahurangi,Māori,-0.00887992
2014,Kaipara ki Mahurangi,National,0.129656328
2014,Kaipara ki Mahurangi,NZ First,0.004100203
2014,Kaipara ki Mahurangi,Other,-0.003439487
2014,Kaipara ki Mahurangi,United,0.00021252
2014,Kapiti,ACT,-0.004606099
2014,Kapiti,Conservative,-0.004057315
2014,Kapiti,Green,0.026011601
2014,Kapiti,Labour,-0.033450169
2014,Kapiti,Mana,-0.006308178
2014,Kapiti,Māori,-0.00817942
2014,Kapiti,National,0.044807633
2014,Kapiti,NZ First,-0.012492426
2014,Kapiti,Other,-0.002038397
2014,Kapiti,United,0.00031277
2014,Kenepuru,ACT,-0.002105849
2014,Kenepuru,Conservative,-0.009157825
2014,Kenepuru,Green,0.007909791
2014,Kenepuru,Labour,0.099063082
2014,Kenepuru,Mana,-0.005608108
2014,Kenepuru,Māori,-0.00747935
2014,Kenepuru,National,-0.062103058
2014,Kenepuru,NZ First,-0.022593436
2014,Kenepuru,Other,-0.001338327
2014,Kenepuru,United,0.00341308
2014,Māngere,ACT,-0.004406579
2014,Māngere,Conservative,-0.009663855
2014,Māngere,Green,-0.06730557
2014,Māngere,Labour,0.417561385
2014,Māngere,Mana,-0.002510118
2014,Māngere,Māori,-0.00868037
2014,Māngere,National,-0.311259371
2014,Māngere,NZ First,-0.013207096
2014,Māngere,Other,0.000759143
2014,Māngere,United,-0.00128757
2014,Manurewa,ACT,-0.002407229
2014,Manurewa,Conservative,-0.014565864
2014,Manurewa,Green,-0.066809589
2014,Manurewa,Labour,0.306916741
2014,Manurewa,Mana,-0.002511278
2014,Manurewa,Māori,-0.00688118
2014,Manurewa,National,-0.222192883
2014,Manurewa,NZ First,0.009281107
2014,Manurewa,Other,0.000457834
2014,Manurewa,United,-0.00128766
2014,Maungakiekie,ACT,0.008393671
2014,Maungakiekie,Conservative,-0.007960865
2014,Maungakiekie,Green,-0.00520165
2014,Maungakiekie,Labour,0.061828159
2014,Maungakiekie,Mana,-0.004608958
2014,Maungakiekie,Māori,-0.00817992
2014,Maungakiekie,National,-0.021243672
2014,Maungakiekie,NZ First,-0.021599797
2014,Maungakiekie,Other,-0.001839487
2014,Maungakiekie,United,0.00041252
2014,Mt Albert,ACT,0.005594921
2014,Mt Albert,Conservative,-0.016058515
2014,Mt Albert,Green,0.078716872
2014,Mt Albert,Labour,0.069260102
2014,Mt Albert,Mana,0.000692522
2014,Mt Albert,Māori,-0.00817942
2014,Mt Albert,National,-0.083705219
2014,Mt Albert,NZ First,-0.041895367
2014,Mt Albert,Other,-0.003938587
2014,Mt Albert,United,-0.00048731
2014,Mt Maunganui,ACT,-0.003906329
2014,Mt Maunganui,Conservative,0.011339135
2014,Mt Maunganui,Green,-0.02850165
2014,Mt Maunganui,Labour,-0.112971841
2014,Mt Maunganui,Mana,-0.009308958
2014,Mt Maunganui,Māori,-0.00727992
2014,Mt Maunganui,National,0.102256328
2014,Mt Maunganui,NZ First,0.049600203
2014,Mt Maunganui,Other,-0.001339487
2014,Mt Maunganui,United,0.00011252
2014,Mt Roskill,ACT,0.010591921
2014,Mt Roskill,Conservative,0.001735005
2014,Mt Roskill,Green,-0.025309769
2014,Mt Roskill,Labour,0.123090832
2014,Mt Roskill,Mana,-0.005009868
2014,Mt Roskill,Māori,-0.00988025
2014,Mt Roskill,National,-0.062684228
2014,Mt Roskill,NZ First,-0.028205597
2014,Mt Roskill,Other,-0.003740407
2014,Mt Roskill,United,-0.00058764
2014,Napier,ACT,-0.004106049
2014,Napier,Conservative,0.022745366
2014,Napier,Green,-0.019992999
2014,Napier,Labour,0.004553631
2014,Napier,Mana,-0.008208368
2014,Napier,Māori,-0.00887949
2014,Napier,National,0.028506002
2014,Napier,NZ First,-0.012392416
2014,Napier,Other,-0.001838377
2014,Napier,United,-0.0003873
2014,Nelson,ACT,-0.002905929
2014,Nelson,Conservative,0.015044596
2014,Nelson,Green,0.036612661
2014,Nelson,Labour,-0.001847009
2014,Nelson,Mana,-0.005608108
2014,Nelson,Māori,-0.00987959
2014,Nelson,National,-0.029399788
2014,Nelson,NZ First,-0.009792156
2014,Nelson,Other,0.007562563
2014,Nelson,United,0.00021276
2014,New Plymouth,ACT,-0.002306789
2014,New Plymouth,Conservative,-0.007664055
2014,New Plymouth,Green,-0.026809619
2014,New Plymouth,Labour,-0.039292929
2014,New Plymouth,Mana,-0.007109658
2014,New Plymouth,Māori,-0.00788045
2014,New Plymouth,National,0.088200683
2014,New Plymouth,NZ First,0.003891194
2014,New Plymouth,Other,-0.000640717
2014,New Plymouth,United,-0.00038766
2014,North Shore,ACT,0.007390812
2014,North Shore,Conservative,0.004230377
2014,North Shore,Green,-0.000322886
2014,North Shore,Labour,-0.109100056
2014,North Shore,Mana,-0.007610258
2014,North Shore,Māori,-0.00868082
2014,North Shore,National,0.148432992
2014,North Shore,NZ First,-0.028211395
2014,North Shore,Other,-0.006440787
2014,North Shore,United,0.00031202
2014,Northcote,ACT,0.009492031
2014,Northcote,Conservative,0.003734805
2014,Northcote,Green,0.007686931
2014,Northcote,Labour,-0.028593999
2014,Northcote,Mana,-0.004709898
2014,Northcote,Māori,-0.00858038
2014,Northcote,National,0.037905713
2014,Northcote,NZ First,-0.014007016
2014,Northcote,Other,-0.004040377
2014,Northcote,United,0.00111219
2014,Northland,ACT,-0.002106329
2014,Northland,Conservative,0.022339135
2014,Northland,Green,0.00209835
2014,Northland,Labour,-0.082971841
2014,Northland,Mana,0.002991042
2014,Northland,Māori,-0.00717992
2014,Northland,National,0.018656328
2014,Northland,NZ First,0.039800203
2014,Northland,Other,0.006660513
2014,Northland,United,-0.00028748
2014,Ōtāhuhu,ACT,0.002293671
2014,Ōtāhuhu,Conservative,-0.017260865
2014,Ōtāhuhu,Green,-0.07170165
2014,Ōtāhuhu,Labour,0.363828159
2014,Ōtāhuhu,Mana,-0.003108958
2014,Ōtāhuhu,Māori,-0.00967992
2014,Ōtāhuhu,National,-0.254243672
2014,Ōtāhuhu,NZ First,-0.015999797
2014,Ōtāhuhu,Other,0.007460513
2014,Ōtāhuhu,United,-0.00158748
2014,Pakuranga,ACT,0.021393671
2014,Pakuranga,Conservative,0.015539135
2014,Pakuranga,Green,-0.04290165
2014,Pakuranga,Labour,-0.094371841
2014,Pakuranga,Mana,-0.008108958
2014,Pakuranga,Māori,-0.01017992
2014,Pakuranga,National,0.139856328
2014,Pakuranga,NZ First,-0.015999797
2014,Pakuranga,Other,-0.005339487
2014,Pakuranga,United,0.00011252
2014,Palmerston North,ACT,-0.001706849
2014,Palmerston North,Conservative,0.007334445
2014,Palmerston North,Green,-0.008411459
2014,Palmerston North,Labour,0.040599082
2014,Palmerston North,Mana,-0.005209848
2014,Palmerston North,Māori,-0.00798044
2014,Palmerston North,National,-0.020388458
2014,Palmerston North,NZ First,-8.41622E-06
2014,Palmerston North,Other,-0.004340347
2014,Palmerston North,United,0.00011229
2014,Papakura,ACT,-0.000805719
2014,Papakura,Conservative,0.005343625
2014,Papakura,Green,-0.04789579
2014,Papakura,Labour,-0.039150739
2014,Papakura,Mana,-0.007008248
2014,Papakura,Māori,-0.00827943
2014,Papakura,National,0.077110863
2014,Papakura,NZ First,0.023211144
2014,Papakura,Other,-0.002338427
2014,Papakura,United,-0.00018728
2014,Port Waikato,ACT,-0.002006819
2014,Port Waikato,Conservative,0.014333745
2014,Port Waikato,Green,-0.04870743
2014,Port Waikato,Labour,-0.11048581
2014,Port Waikato,Mana,-0.009209448
2014,Port Waikato,Māori,-0.00818042
2014,Port Waikato,National,0.135895914
2014,Port Waikato,NZ First,0.028488734
2014,Port Waikato,Other,-0.000240757
2014,Port Waikato,United,0.00011229
2014,Rangitata,ACT,-0.002405879
2014,Rangitata,Conservative,0.002943385
2014,Rangitata,Green,-0.032794279
2014,Rangitata,Labour,-0.032850109
2014,Rangitata,Mana,-0.010308578
2014,Rangitata,Māori,-0.01057966
2014,Rangitata,National,0.090912243
2014,Rangitata,NZ First,-0.007191896
2014,Rangitata,Other,0.001361943
2014,Rangitata,United,0.00091283
2014,Rangitīkei,ACT,-0.003507349
2014,Rangitīkei,Conservative,0.01532267
2014,Rangitīkei,Green,-0.036622614
2014,Rangitīkei,Labour,-0.026538931
2014,Rangitīkei,Mana,-0.009410368
2014,Rangitīkei,Māori,-0.00888121
2014,Rangitīkei,National,0.035005353
2014,Rangitīkei,NZ First,0.033764214
2014,Rangitīkei,Other,0.000856374
2014,Rangitīkei,United,1.18602E-05
2014,Remutaka,ACT,-0.003306689
2014,Remutaka,Conservative,0.000535125
2014,Remutaka,Green,-0.020510249
2014,Remutaka,Labour,0.074295712
2014,Remutaka,Mana,-0.005609808
2014,Remutaka,Māori,-0.00918032
2014,Remutaka,National,-0.051985298
2014,Remutaka,NZ First,0.014490134
2014,Remutaka,Other,0.000159203
2014,Remutaka,United,0.00111219
2014,Rotorua,ACT,-0.002705909
2014,Rotorua,Conservative,0.000943185
2014,Rotorua,Green,-0.038794879
2014,Rotorua,Labour,-0.043251149
2014,Rotorua,Mana,-0.006308178
2014,Rotorua,Māori,0.00092149
2014,Rotorua,National,0.053608513
2014,Rotorua,NZ First,0.035612384
2014,Rotorua,Other,6.18131E-05
2014,Rotorua,United,-8.727E-05
2014,Selwyn,ACT,-0.003106709
2014,Selwyn,Conservative,-0.001264695
2014,Selwyn,Green,-0.011211179
2014,Selwyn,Labour,-0.12548431
2014,Selwyn,Mana,-0.008409528
2014,Selwyn,Māori,-0.00998024
2014,Selwyn,National,0.179391564
2014,Selwyn,NZ First,-0.015606856
2014,Selwyn,Other,-0.004740307
2014,Selwyn,United,0.00041226
2014,Southland,ACT,-0.003805709
2014,Southland,Conservative,0.008448737
2014,Southland,Green,-0.017583867
2014,Southland,Labour,-0.115744956
2014,Southland,Mana,-0.009508038
2014,Southland,Māori,-0.00987926
2014,Southland,National,0.171184213
2014,Southland,NZ First,-0.027087975
2014,Southland,Other,0.004263954
2014,Southland,United,-0.0002871
2014,Taieri,ACT,-0.003805709
2014,Taieri,Conservative,-0.006554264
2014,Taieri,Green,-0.006081566
2014,Taieri,Labour,0.071692532
2014,Taieri,Mana,-0.006607458
2014,Taieri,Māori,-0.01077944
2014,Taieri,National,-0.044258876
2014,Taieri,NZ First,0.005118467
2014,Taieri,Other,0.001863474
2014,Taieri,United,-0.00058716
2014,Takanini,ACT,0.002695591
2014,Takanini,Conservative,-0.000253003
2014,Takanini,Green,-0.062592868
2014,Takanini,Labour,0.069192032
2014,Takanini,Mana,-0.006407418
2014,Takanini,Māori,-0.00827894
2014,Takanini,National,0.009751927
2014,Takanini,NZ First,-0.000282614
2014,Takanini,Other,-0.003137527
2014,Takanini,United,-0.00068718
2014,Tāmaki,ACT,0.006895051
2014,Tāmaki,Conservative,-0.009057815
2014,Tāmaki,Green,-0.020693069
2014,Tāmaki,Labour,-0.08055488
2014,Tāmaki,Mana,-0.006608208
2014,Tāmaki,Māori,-0.00847945
2014,Tāmaki,National,0.165919744
2014,Tāmaki,NZ First,-0.040995277
2014,Tāmaki,Other,-0.006038797
2014,Tāmaki,United,-0.0003873
2014,Tāmaki Makaurau,ACT,-0.004806329
2014,Tāmaki Makaurau,Conservative,-0.032760865
2014,Tāmaki Makaurau,Green,0.00909835
2014,Tāmaki Makaurau,Labour,0.152628159
2014,Tāmaki Makaurau,Mana,0.093991042
2014,Tāmaki Makaurau,Māori,0.11312008
2014,Tāmaki Makaurau,National,-0.391543672
2014,Tāmaki Makaurau,NZ First,0.053900203
2014,Tāmaki Makaurau,Other,0.007760513
2014,Tāmaki Makaurau,United,-0.00138748
2014,Taranaki-King Country,ACT,-0.003306689
2014,Taranaki-King Country,Conservative,0.016933486
2014,Taranaki-King Country,Green,-0.034708829
2014,Taranaki-King Country,Labour,-0.10998586
2014,Taranaki-King Country,Mana,-0.007809588
2014,Taranaki-King Country,Māori,-0.0073805
2014,Taranaki-King Country,National,0.135295974
2014,Taranaki-King Country,NZ First,0.008990684
2014,Taranaki-King Country,Other,0.001659053
2014,Taranaki-King Country,United,0.00031227
2014,Taupō,ACT,-0.004406579
2014,Taupō,Conservative,0.007734405
2014,Taupō,Green,-0.045207779
2014,Taupō,Labour,-0.062690589
2014,Taupō,Mana,-0.008909478
2014,Taupō,Māori,-0.00488075
2014,Taupō,National,0.098999603
2014,Taupō,NZ First,0.016589924
2014,Taupō,Other,0.002358983
2014,Taupō,United,0.00041226
2014,Tauranga,ACT,-0.003806329
2014,Tauranga,Conservative,0.022639135
2014,Tauranga,Green,-0.04100165
2014,Tauranga,Labour,-0.106371841
2014,Tauranga,Mana,-0.009008958
2014,Tauranga,Māori,-0.00737992
2014,Tauranga,National,0.083556328
2014,Tauranga,NZ First,0.063300203
2014,Tauranga,Other,-0.002139487
2014,Tauranga,United,0.00021252
2014,Te Tai Hauāuru,ACT,-0.005606199
2014,Te Tai Hauāuru,Conservative,-0.033960305
2014,Te Tai Hauāuru,Green,0.011510151
2014,Te Tai Hauāuru,Labour,0.167369913
2014,Te Tai Hauāuru,Mana,0.053297783
2014,Te Tai Hauāuru,Māori,0.161337532
2014,Te Tai Hauāuru,National,-0.397936642
2014,Te Tai Hauāuru,NZ First,0.030311854
2014,Te Tai Hauāuru,Other,0.015163323
2014,Te Tai Hauāuru,United,-0.00148741
2014,Te Tai Tokerau,ACT,-0.005306489
2014,Te Tai Tokerau,Conservative,-0.033161505
2014,Te Tai Tokerau,Green,-0.006911609
2014,Te Tai Tokerau,Labour,0.099393202
2014,Te Tai Tokerau,Mana,0.173072324
2014,Te Tai Tokerau,Māori,0.085810181
2014,Te Tai Tokerau,National,-0.383352162
2014,Te Tai Tokerau,NZ First,0.057885794
2014,Te Tai Tokerau,Other,0.013957823
2014,Te Tai Tokerau,United,-0.00138756
2014,Te Tai Tonga,ACT,-0.005106329
2014,Te Tai Tonga,Conservative,-0.031960865
2014,Te Tai Tonga,Green,0.05789835
2014,Te Tai Tonga,Labour,0.115228159
2014,Te Tai Tonga,Mana,0.034491042
2014,Te Tai Tonga,Māori,0.09812008
2014,Te Tai Tonga,National,-0.322743672
2014,Te Tai Tonga,NZ First,0.042100203
2014,Te Tai Tonga,Other,0.013360513
2014,Te Tai Tonga,United,-0.00138748
2014,Tukituki,ACT,-0.002806329
2014,Tukituki,Conservative,0.025639135
2014,Tukituki,Green,-0.02030165
2014,Tukituki,Labour,-0.019571841
2014,Tukituki,Mana,-0.007308958
2014,Tukituki,Māori,-0.00797992
2014,Tukituki,National,0.045556328
2014,Tukituki,NZ First,-0.010099797
2014,Tukituki,Other,-0.002539487
2014,Tukituki,United,-0.00058748
2014,Upper Harbour,ACT,0.007496552
2014,Upper Harbour,Conservative,0.010949237
2014,Upper Harbour,Green,-0.036587667
2014,Upper Harbour,Labour,-0.078937594
2014,Upper Harbour,Mana,-0.007007538
2014,Upper Harbour,Māori,-0.00947918
2014,Upper Harbour,National,0.142578492
2014,Upper Harbour,NZ First,-0.023687295
2014,Upper Harbour,Other,-0.005237947
2014,Upper Harbour,United,-8.70599E-05
2014,Waiariki,ACT,-0.006106329
2014,Waiariki,Conservative,-0.036060865
2014,Waiariki,Green,-0.02670165
2014,Waiariki,Labour,0.133528159
2014,Waiariki,Mana,0.098591042
2014,Waiariki,Māori,0.20472008
2014,Waiariki,National,-0.418243672
2014,Waiariki,NZ First,0.039200203
2014,Waiariki,Other,0.012760513
2014,Waiariki,United,-0.00168748
2014,Waikato,ACT,-0.001706849
2014,Waikato,Conservative,0.016533526
2014,Waikato,Green,-0.04930737
2014,Waikato,Labour,-0.09708715
2014,Waikato,Mana,-0.008909478
2014,Waikato,Māori,-0.00808043
2014,Waikato,National,0.133796124
2014,Waikato,NZ First,0.016589924
2014,Waikato,Other,-0.001840597
2014,Waikato,United,1.23E-05
2014,Waimakariri,ACT,-0.004706109
2014,Waimakariri,Conservative,0.003543445
2014,Waimakariri,Green,-0.018092809
2014,Waimakariri,Labour,-0.061152939
2014,Waimakariri,Mana,-0.010208568
2014,Waimakariri,Māori,-0.01057966
2014,Waimakariri,National,0.105113663
2014,Waimakariri,NZ First,-0.001791356
2014,Waimakariri,Other,-0.001738367
2014,Waimakariri,United,-0.0003873
2014,Wairarapa,ACT,-0.003505989
2014,Wairarapa,Conservative,0.005543645
2014,Wairarapa,Green,-0.022893289
2014,Wairarapa,Labour,-0.043751199
2014,Wairarapa,Mana,-0.009708518
2014,Wairarapa,Māori,-0.00767937
2014,Wairarapa,National,0.051808333
2014,Wairarapa,NZ First,0.031511974
2014,Wairarapa,Other,-0.000638257
2014,Wairarapa,United,-0.00068733
2014,Waitākere,ACT,0.001494511
2014,Waitākere,Conservative,-0.006757585
2014,Waitākere,Green,0.042313231
2014,Waitākere,Labour,0.045257702
2014,Waitākere,Mana,-0.000707618
2014,Waitākere,Māori,-0.00867947
2014,Waitākere,National,-0.066503498
2014,Waitākere,NZ First,-0.003891566
2014,Waitākere,Other,-0.002438437
2014,Waitākere,United,-8.727E-05
2014,Waitaki,ACT,-0.004105769
2014,Waitaki,Conservative,0.004247897
2014,Waitaki,Green,0.006921034
2014,Waitaki,Labour,-0.068035414
2014,Waitaki,Mana,-0.010008138
2014,Waitaki,Māori,-0.0105794
2014,Waitaki,National,0.09556909
2014,Waitaki,NZ First,-0.016385834
2014,Waitaki,Other,0.002063514
2014,Waitaki,United,0.00031302
2014,Wellington Bays,ACT,-0.003206699
2014,Wellington Bays,Conservative,-0.023762445
2014,Wellington Bays,Green,0.166071093
2014,Wellington Bays,Labour,0.044398702
2014,Wellington Bays,Mana,0.000889542
2014,Wellington Bays,Māori,-0.00678056
2014,Wellington Bays,National,-0.141676329
2014,Wellington Bays,NZ First,-0.034904927
2014,Wellington Bays,Other,-0.002540527
2014,Wellington Bays,United,0.00151215
2014,Wellington North,ACT,-0.000204989
2014,Wellington North,Conservative,-0.023257604
2014,Wellington North,Green,0.15195004
2014,Wellington North,Labour,-0.022226252
2014,Wellington North,Mana,-0.001706478
2014,Wellington North,Māori,-0.0055784
2014,Wellington North,National,-0.044358896
2014,Wellington North,NZ First,-0.051092776
2014,Wellington North,Other,-0.004937887
2014,Wellington North,United,0.00141324
2014,West Coast-Tasman,ACT,-0.004306589
2014,West Coast-Tasman,Conservative,0.011734005
2014,West Coast-Tasman,Green,0.020885611
2014,West Coast-Tasman,Labour,-0.017895069
2014,West Coast-Tasman,Mana,-0.006709698
2014,West Coast-Tasman,Māori,-0.0103802
2014,West Coast-Tasman,National,-0.018888608
2014,West Coast-Tasman,NZ First,0.000191564
2014,West Coast-Tasman,Other,0.025556663
2014,West Coast-Tasman,United,-0.00018768
2014,Whanganui,ACT,-0.002305869
2014,Whanganui,Conservative,0.011544245
2014,Whanganui,Green,-0.032294229
2014,Whanganui,Labour,-0.003347159
2014,Whanganui,Mana,-0.006408188
2014,Whanganui,Māori,-0.00707931
2014,Whanganui,National,0.007203872
2014,Whanganui,NZ First,0.031812004
2014,Whanganui,Other,0.000961903
2014,Whanganui,United,-8.727E-05
2014,Whangaparāoa,ACT,-0.001406329
2014,Whangaparāoa,Conservative,0.025939135
2014,Whangaparāoa,Green,-0.02880165
2014,Whangaparāoa,Labour,-0.134671841
2014,Whangaparāoa,Mana,-0.007708958
2014,Whangaparāoa,Māori,-0.00937992
2014,Whangaparāoa,National,0.164056328
2014,Whangaparāoa,NZ First,-0.001499797
2014,Whangaparāoa,Other,-0.006239487
2014,Whangaparāoa,United,-0.00028748
2014,Whangārei,ACT,-0.001706849
2014,Whangārei,Conservative,0.012133965
2014,Whangārei,Green,-0.007811519
2014,Whangārei,Labour,-0.070989759
2014,Whangārei,Mana,-0.003510018
2014,Whangārei,Māori,-0.00778046
2014,Whangārei,National,0.029806523
2014,Whangārei,NZ First,0.048286754
2014,Whangārei,Other,0.001259093
2014,Whangārei,United,0.00031227
2014,Wigram,ACT,0.002394601
2014,Wigram,Conservative,-0.003757285
2014,Wigram,Green,0.009609961
2014,Wigram,Labour,0.009254101
2014,Wigram,Mana,-0.007108258
2014,Wigram,Māori,-0.0089795
2014,Wigram,National,0.002503402
2014,Wigram,NZ First,-0.003191496
2014,Wigram,Other,-0.001438337
2014,Wigram,United,0.00071281
2017,Auckland Central,ACT,0.00437917
2017,Auckland Central,Conservative,-0.001502245
2017,Auckland Central,Green,0.085730916
2017,Auckland Central,Labour,0.020633287
2017,Auckland Central,Mana,-0.001099232
2017,Auckland Central,Māori,-0.007448097
2017,Auckland Central,National,-0.068335675
2017,Auckland Central,NZ First,-0.035324886
2017,Auckland Central,Opportunity,0.007303467
2017,Auckland Central,Other,-0.004252209
2017,Auckland Central,United,-8.44969E-05
2017,Banks Peninsula,ACT,-0.001223651
2017,Banks Peninsula,Conservative,-0.000702515
2017,Banks Peninsula,Green,0.043786473
2017,Banks Peninsula,Labour,0.013416882
2017,Banks Peninsula,Mana,-0.001199322
2017,Banks Peninsula,Māori,-0.008549387
2017,Banks Peninsula,National,-0.027447969
2017,Banks Peninsula,NZ First,-0.024835809
2017,Banks Peninsula,Opportunity,0.010493984
2017,Banks Peninsula,Other,-0.00355401
2017,Banks Peninsula,United,-0.000184677
2017,Botany,ACT,0.001676349
2017,Botany,Conservative,-0.000102515
2017,Botany,Green,-0.036313527
2017,Botany,Labour,-0.146783118
2017,Botany,Mana,-0.001199322
2017,Botany,Māori,-0.008249387
2017,Botany,National,0.231952031
2017,Botany,NZ First,-0.022835809
2017,Botany,Opportunity,-0.013906016
2017,Botany,Other,-0.00445401
2017,Botany,United,0.000215323
2017,Christchurch Central,ACT,-0.000624531
2017,Christchurch Central,Conservative,0.000196965
2017,Christchurch Central,Green,0.033667257
2017,Christchurch Central,Labour,0.037935819
2017,Christchurch Central,Mana,-0.001099382
2017,Christchurch Central,Māori,-0.007950147
2017,Christchurch Central,National,-0.051826133
2017,Christchurch Central,NZ First,-0.019746207
2017,Christchurch Central,Opportunity,0.010886945
2017,Christchurch Central,Other,-0.00195567
2017,Christchurch Central,United,0.000515083
2017,Christchurch East,ACT,-0.001524001
2017,Christchurch East,Conservative,0.001897055
2017,Christchurch East,Green,0.008079424
2017,Christchurch East,Labour,0.105869557
2017,Christchurch East,Mana,-0.001299332
2017,Christchurch East,Māori,-0.007849777
2017,Christchurch East,National,-0.096682565
2017,Christchurch East,NZ First,-0.008542128
2017,Christchurch East,Opportunity,-8.44573E-06
2017,Christchurch East,Other,-0.00015502
2017,Christchurch East,United,0.000215233
2017,Coromandel,ACT,-0.000623651
2017,Coromandel,Conservative,-0.000802515
2017,Coromandel,Green,-0.008313527
2017,Coromandel,Labour,-0.097183118
2017,Coromandel,Mana,-0.001099322
2017,Coromandel,Māori,-0.009249387
2017,Coromandel,National,0.070952031
2017,Coromandel,NZ First,0.049964191
2017,Coromandel,Opportunity,-0.005906016
2017,Coromandel,Other,0.00254599
2017,Coromandel,United,-0.000284677
2017,Dunedin,ACT,-0.000823651
2017,Dunedin,Conservative,-0.000902515
2017,Dunedin,Green,0.071486473
2017,Dunedin,Labour,0.115616882
2017,Dunedin,Mana,-0.001099322
2017,Dunedin,Māori,-0.008849387
2017,Dunedin,National,-0.166047969
2017,Dunedin,NZ First,-0.022435809
2017,Dunedin,Opportunity,0.016293984
2017,Dunedin,Other,-0.00325401
2017,Dunedin,United,1.5323E-05
2017,East Cape,ACT,-0.002323381
2017,East Cape,Conservative,-0.000702345
2017,East Cape,Green,-0.016608946
2017,East Cape,Labour,-0.001146494
2017,East Cape,Mana,-0.000899272
2017,East Cape,Māori,-0.004248637
2017,East Cape,National,-0.002303934
2017,East Cape,NZ First,0.027174082
2017,East Cape,Opportunity,-0.000903676
2017,East Cape,Other,0.0018472
2017,East Cape,United,0.000115403
2017,East Coast Bays,ACT,0.005077359
2017,East Coast Bays,Conservative,0.000497775
2017,East Coast Bays,Green,-0.014908776
2017,East Coast Bays,Labour,-0.134059785
2017,East Coast Bays,Mana,-0.001299312
2017,East Coast Bays,Māori,-0.010049217
2017,East Coast Bays,National,0.181014398
2017,East Coast Bays,NZ First,-0.016330268
2017,East Coast Bays,Opportunity,-0.004704056
2017,East Coast Bays,Other,-0.00555354
2017,East Coast Bays,United,0.000315423
2017,Epsom,ACT,0.012376349
2017,Epsom,Conservative,-0.000402515
2017,Epsom,Green,0.025086473
2017,Epsom,Labour,-0.113683118
2017,Epsom,Mana,-0.001199322
2017,Epsom,Māori,-0.008449387
2017,Epsom,National,0.129352031
2017,Epsom,NZ First,-0.040135809
2017,Epsom,Opportunity,0.002693984
2017,Epsom,Other,-0.00555401
2017,Epsom,United,-8.4677E-05
2017,Glendene,ACT,-0.000623211
2017,Glendene,Conservative,0.001097835
2017,Glendene,Green,-0.001407426
2017,Glendene,Labour,0.099363557
2017,Glendene,Mana,-0.000799262
2017,Glendene,Māori,-0.006748887
2017,Glendene,National,-0.073711075
2017,Glendene,NZ First,-0.007729408
2017,Glendene,Opportunity,-0.008804466
2017,Glendene,Other,-0.00065305
2017,Glendene,United,1.5393E-05
2017,Hamilton East,ACT,0.001076959
2017,Hamilton East,Conservative,-0.000302305
2017,Hamilton East,Green,-0.001707456
2017,Hamilton East,Labour,-0.013347714
2017,Hamilton East,Mana,-0.001099292
2017,Hamilton East,Māori,-0.006348847
2017,Hamilton East,National,0.031499446
2017,Hamilton East,NZ First,-0.015130148
2017,Hamilton East,Opportunity,0.007297144
2017,Hamilton East,Other,-0.00205319
2017,Hamilton East,United,0.000115403
2017,Hamilton West,ACT,-0.000923651
2017,Hamilton West,Conservative,0.000597485
2017,Hamilton West,Green,-0.019213527
2017,Hamilton West,Labour,0.000516882
2017,Hamilton West,Mana,-0.001199322
2017,Hamilton West,Māori,-0.005449387
2017,Hamilton West,National,0.017452031
2017,Hamilton West,NZ First,0.005464191
2017,Hamilton West,Opportunity,0.002193984
2017,Hamilton West,Other,0.00034599
2017,Hamilton West,United,0.000215323
2017,Hauraki-Waikato,ACT,-0.004123561
2017,Hauraki-Waikato,Conservative,-0.001602435
2017,Hauraki-Waikato,Green,-0.012308516
2017,Hauraki-Waikato,Labour,0.247078329
2017,Hauraki-Waikato,Mana,0.008301648
2017,Hauraki-Waikato,Māori,0.104262214
2017,Hauraki-Waikato,National,-0.373841088
2017,Hauraki-Waikato,NZ First,0.011072472
2017,Hauraki-Waikato,Opportunity,0.000896504
2017,Hauraki-Waikato,Other,0.02064908
2017,Hauraki-Waikato,United,-0.000384647
2017,Henderson,ACT,-2.46508E-05
2017,Henderson,Conservative,0.000396925
2017,Henderson,Green,-0.020121985
2017,Henderson,Labour,0.06673006
2017,Henderson,Mana,-0.000399522
2017,Henderson,Māori,-0.007850167
2017,Henderson,National,-0.018632772
2017,Henderson,NZ First,-0.008048546
2017,Henderson,Opportunity,-0.012308415
2017,Henderson,Other,0.00044385
2017,Henderson,United,-0.000184777
2017,Hutt South,ACT,-0.000324121
2017,Hutt South,Conservative,-0.000702685
2017,Hutt South,Green,0.010979134
2017,Hutt South,Labour,0.035376606
2017,Hutt South,Mana,-0.001299332
2017,Hutt South,Māori,-0.007749787
2017,Hutt South,National,-0.028689364
2017,Hutt South,NZ First,-0.017541228
2017,Hutt South,Opportunity,0.010290524
2017,Hutt South,Other,-0.00055498
2017,Hutt South,United,0.000215233
2017,Ikaroa-Rāwhiti,ACT,-0.003723521
2017,Ikaroa-Rāwhiti,Conservative,-0.001802455
2017,Ikaroa-Rāwhiti,Green,-0.012508536
2017,Ikaroa-Rāwhiti,Labour,0.276281249
2017,Ikaroa-Rāwhiti,Mana,0.007101528
2017,Ikaroa-Rāwhiti,Māori,0.119163704
2017,Ikaroa-Rāwhiti,National,-0.393043008
2017,Ikaroa-Rāwhiti,NZ First,-0.000828718
2017,Ikaroa-Rāwhiti,Opportunity,-0.003703956
2017,Ikaroa-Rāwhiti,Other,0.01374839
2017,Ilam,ACT,0.000975149
2017,Ilam,Conservative,0.000996805
2017,Ilam,Green,0.007372516
2017,Ilam,Labour,-0.053045985
2017,Ilam,Mana,-0.001299342
2017,Ilam,Māori,-0.008050127
2017,Ilam,National,0.079747552
2017,Ilam,NZ First,-0.032443667
2017,Ilam,Opportunity,0.009587205
2017,Ilam,Other,-0.00395527
2017,Ilam,United,0.000115163
2017,Invercargill,ACT,-0.002223651
2017,Invercargill,Conservative,-0.000402515
2017,Invercargill,Green,-0.031013527
2017,Invercargill,Labour,-0.023283118
2017,Invercargill,Mana,-0.001199322
2017,Invercargill,Māori,-0.009549387
2017,Invercargill,National,0.051252031
2017,Invercargill,NZ First,0.015664191
2017,Invercargill,Opportunity,-0.003706016
2017,Invercargill,Other,0.00434599
2017,Invercargill,United,0.000115323
2017,Kaikōura,ACT,-0.001223271
2017,Kaikōura,Conservative,0.000997825
2017,Kaikōura,Green,-0.013108596
2017,Kaikōura,Labour,-0.076053985
2017,Kaikōura,Mana,-0.001299312
2017,Kaikōura,Māori,-0.009449157
2017,Kaikōura,National,0.083404637
2017,Kaikōura,NZ First,0.017773142
2017,Kaikōura,Opportunity,-0.002603846
2017,Kaikōura,Other,0.00164718
2017,Kaikōura,United,-8.4617E-05
2017,Kaipara ki Mahurangi,ACT,0.003975449
2017,Kaipara ki Mahurangi,Conservative,-2.75497E-06
2017,Kaipara ki Mahurangi,Green,-0.004819286
2017,Kaipara ki Mahurangi,Labour,-0.133206535
2017,Kaipara ki Mahurangi,Mana,-0.001199342
2017,Kaipara ki Mahurangi,Māori,-0.009449617
2017,Kaipara ki Mahurangi,National,0.133894377
2017,Kaipara ki Mahurangi,NZ First,0.019055112
2017,Kaipara ki Mahurangi,Opportunity,-0.004408006
2017,Kaipara ki Mahurangi,Other,-0.00375466
2017,Kaipara ki Mahurangi,United,-8.4737E-05
2017,Kapiti,ACT,-0.000722791
2017,Kapiti,Conservative,-0.001002235
2017,Kapiti,Green,0.016502256
2017,Kapiti,Labour,-0.012212083
2017,Kapiti,Mana,-0.000899222
2017,Kapiti,Māori,-0.007848607
2017,Kapiti,National,0.01284313
2017,Kapiti,NZ First,-0.010423546
2017,Kapiti,Opportunity,0.006700185
2017,Kapiti,Other,-0.00315259
2017,Kapiti,United,0.000215503
2017,Kenepuru,ACT,-0.000723651
2017,Kenepuru,Conservative,-0.000502515
2017,Kenepuru,Green,0.007286473
2017,Kenepuru,Labour,0.071016882
2017,Kenepuru,Mana,-0.000599322
2017,Kenepuru,Māori,-0.006349387
2017,Kenepuru,National,-0.053347969
2017,Kenepuru,NZ First,-0.025535809
2017,Kenepuru,Opportunity,0.008893984
2017,Kenepuru,Other,-0.00115401
2017,Kenepuru,United,0.001015323
2017,Māngere,ACT,-0.003723521
2017,Māngere,Conservative,0.000197745
2017,Māngere,Green,-0.035810867
2017,Māngere,Labour,0.333786999
2017,Māngere,Mana,0.000200838
2017,Māngere,Māori,0.008052593
2017,Māngere,National,-0.267730477
2017,Māngere,NZ First,-0.019730608
2017,Māngere,Opportunity,-0.017605346
2017,Māngere,Other,0.00264728
2017,Māngere,United,-0.000284637
2017,Manurewa,ACT,-0.002523651
2017,Manurewa,Conservative,0.000697485
2017,Manurewa,Green,-0.037713527
2017,Manurewa,Labour,0.235316882
2017,Manurewa,Mana,-0.000599322
2017,Manurewa,Māori,-0.000749387
2017,Manurewa,National,-0.176447969
2017,Manurewa,NZ First,-0.004435809
2017,Manurewa,Opportunity,-0.017106016
2017,Manurewa,Other,0.00364599
2017,Manurewa,United,-8.4677E-05
2017,Maungakiekie,ACT,0.001676349
2017,Maungakiekie,Conservative,-0.000502515
2017,Maungakiekie,Green,0.000186473
2017,Maungakiekie,Labour,0.037216882
2017,Maungakiekie,Mana,-0.001099322
2017,Maungakiekie,Māori,-0.004749387
2017,Maungakiekie,National,-0.009947969
2017,Maungakiekie,NZ First,-0.021835809
2017,Maungakiekie,Opportunity,-0.001806016
2017,Maungakiekie,Other,0.00074599
2017,Maungakiekie,United,0.000115323
2017,Mt Albert,ACT,0.000776349
2017,Mt Albert,Conservative,-0.000502515
2017,Mt Albert,Green,0.058486473
2017,Mt Albert,Labour,0.077416882
2017,Mt Albert,Mana,-0.001099322
2017,Mt Albert,Māori,-0.007149387
2017,Mt Albert,National,-0.093047969
2017,Mt Albert,NZ First,-0.034835809
2017,Mt Albert,Opportunity,0.002393984
2017,Mt Albert,Other,-0.00225401
2017,Mt Albert,United,-0.000184677
2017,Mt Maunganui,ACT,-2.3651E-05
2017,Mt Maunganui,Conservative,-0.000202515
2017,Mt Maunganui,Green,-0.020913527
2017,Mt Maunganui,Labour,-0.105883118
2017,Mt Maunganui,Mana,-0.001299322
2017,Mt Maunganui,Māori,-0.006249387
2017,Mt Maunganui,National,0.095852031
2017,Mt Maunganui,NZ First,0.029464191
2017,Mt Maunganui,Opportunity,0.010693984
2017,Mt Maunganui,Other,-0.00145401
2017,Mt Maunganui,United,1.5323E-05
2017,Mt Roskill,ACT,-0.000124141
2017,Mt Roskill,Conservative,0.000697175
2017,Mt Roskill,Green,-0.009318836
2017,Mt Roskill,Labour,0.056174527
2017,Mt Roskill,Mana,-0.001099352
2017,Mt Roskill,Māori,-0.008049757
2017,Mt Roskill,National,-0.008291404
2017,Mt Roskill,NZ First,-0.020340948
2017,Mt Roskill,Opportunity,-0.010307416
2017,Mt Roskill,Other,0.0006449
2017,Mt Roskill,United,1.5253E-05
2017,Napier,ACT,-0.001124041
2017,Napier,Conservative,0.001297115
2017,Napier,Green,-0.012618506
2017,Napier,Labour,0.006979446
2017,Napier,Mana,-0.001099352
2017,Napier,Māori,-0.007849777
2017,Napier,National,0.020405726
2017,Napier,NZ First,0.000456972
2017,Napier,Opportunity,-0.005307916
2017,Napier,Other,-0.00095494
2017,Napier,United,-0.000184727
2017,Nelson,ACT,-0.001722991
2017,Nelson,Conservative,0.002698505
2017,Nelson,Green,0.013301616
2017,Nelson,Labour,0.048600079
2017,Nelson,Mana,-0.001199282
2017,Nelson,Māori,-0.009548947
2017,Nelson,National,-0.053270093
2017,Nelson,NZ First,-0.007222906
2017,Nelson,Opportunity,0.008400525
2017,Nelson,Other,4.80504E-05
2017,Nelson,United,-8.4557E-05
2017,New Plymouth,ACT,0.000476899
2017,New Plymouth,Conservative,-0.000802355
2017,New Plymouth,Green,-0.017609046
2017,New Plymouth,Labour,-0.026949074
2017,New Plymouth,Mana,-0.001199302
2017,New Plymouth,Māori,-0.005548767
2017,New Plymouth,National,0.043700666
2017,New Plymouth,NZ First,0.005671932
2017,New Plymouth,Opportunity,0.002896704
2017,New Plymouth,Other,-0.00085307
2017,New Plymouth,United,0.000215413
2017,North Shore,ACT,0.004377289
2017,North Shore,Conservative,-0.000202295
2017,North Shore,Green,0.003093024
2017,North Shore,Labour,-0.108257205
2017,North Shore,Mana,-0.001199302
2017,North Shore,Māori,-0.009249137
2017,North Shore,National,0.136809977
2017,North Shore,NZ First,-0.019530588
2017,North Shore,Opportunity,-0.000503636
2017,North Shore,Other,-0.0051535
2017,North Shore,United,-0.000184627
2017,Northcote,ACT,0.002076349
2017,Northcote,Conservative,-2.515E-06
2017,Northcote,Green,0.003786473
2017,Northcote,Labour,-0.026283118
2017,Northcote,Mana,-0.001099322
2017,Northcote,Māori,-0.008049387
2017,Northcote,National,0.046252031
2017,Northcote,NZ First,-0.011935809
2017,Northcote,Opportunity,-0.001906016
2017,Northcote,Other,-0.00285401
2017,Northcote,United,1.5323E-05
2017,Northland,ACT,-0.000723221
2017,Northland,Conservative,0.000897815
2017,Northland,Green,-0.002007486
2017,Northland,Labour,-0.063852765
2017,Northland,Mana,0.001600978
2017,Northland,Māori,-0.008549067
2017,Northland,National,0.017198016
2017,Northland,NZ First,0.058077172
2017,Northland,Opportunity,-0.004103996
2017,Northland,Other,0.00154717
2017,Northland,United,-8.4617E-05
2017,Ōtāhuhu,ACT,-0.002423131
2017,Ōtāhuhu,Conservative,-0.000702175
2017,Ōtāhuhu,Green,-0.038608766
2017,Ōtāhuhu,Labour,0.275445448
2017,Ōtāhuhu,Mana,-0.000599162
2017,Ōtāhuhu,Māori,0.003553674
2017,Ōtāhuhu,National,-0.203800199
2017,Ōtāhuhu,NZ First,-0.020625587
2017,Ōtāhuhu,Opportunity,-0.016904536
2017,Ōtāhuhu,Other,0.004949031
2017,Ōtāhuhu,United,-0.000284597
2017,Pakuranga,ACT,0.002577869
2017,Pakuranga,Conservative,-0.000102055
2017,Pakuranga,Green,-0.025206085
2017,Pakuranga,Labour,-0.124134468
2017,Pakuranga,Mana,-0.001199282
2017,Pakuranga,Māori,-0.008348707
2017,Pakuranga,National,0.179076376
2017,Pakuranga,NZ First,-0.006522766
2017,Pakuranga,Opportunity,-0.012203595
2017,Pakuranga,Other,-0.00375271
2017,Pakuranga,United,-0.000184577
2017,Palmerston North,ACT,-0.000823651
2017,Palmerston North,Conservative,0.000797485
2017,Palmerston North,Green,-0.001713527
2017,Palmerston North,Labour,0.024016882
2017,Palmerston North,Mana,-0.000999322
2017,Palmerston North,Māori,-0.008049387
2017,Palmerston North,National,-0.020647969
2017,Palmerston North,NZ First,0.006564191
2017,Palmerston North,Opportunity,0.002793984
2017,Palmerston North,Other,-0.00205401
2017,Palmerston North,United,0.000115323
2017,Papakura,ACT,0.000877529
2017,Papakura,Conservative,0.000298025
2017,Papakura,Green,-0.033307706
2017,Papakura,Labour,-0.071723986
2017,Papakura,Mana,-0.001099262
2017,Papakura,Māori,-0.006548347
2017,Papakura,National,0.099660493
2017,Papakura,NZ First,0.020782695
2017,Papakura,Opportunity,-0.010003155
2017,Papakura,Other,0.00104825
2017,Papakura,United,1.5463E-05
2017,Port Waikato,ACT,0.001676349
2017,Port Waikato,Conservative,-0.000102515
2017,Port Waikato,Green,-0.033713527
2017,Port Waikato,Labour,-0.130883118
2017,Port Waikato,Mana,-0.001299322
2017,Port Waikato,Māori,-0.008549387
2017,Port Waikato,National,0.151552031
2017,Port Waikato,NZ First,0.031864191
2017,Port Waikato,Opportunity,-0.008606016
2017,Port Waikato,Other,-0.00195401
2017,Port Waikato,United,1.5323E-05
2017,Rangitata,ACT,-2.41509E-05
2017,Rangitata,Conservative,9.7235E-05
2017,Rangitata,Green,-0.027617007
2017,Rangitata,Labour,-0.039815874
2017,Rangitata,Mana,-0.001199342
2017,Rangitata,Māori,-0.009949567
2017,Rangitata,National,0.093198447
2017,Rangitata,NZ First,-0.011641818
2017,Rangitata,Opportunity,-0.002808166
2017,Rangitata,Other,-0.00025501
2017,Rangitata,United,1.5253E-05
2017,Rangitīkei,ACT,-0.001022851
2017,Rangitīkei,Conservative,0.000198005
2017,Rangitīkei,Green,-0.021805405
2017,Rangitīkei,Labour,-0.034216484
2017,Rangitīkei,Mana,-0.001099262
2017,Rangitīkei,Māori,-0.007848607
2017,Rangitīkei,National,0.041448851
2017,Rangitīkei,NZ First,0.029084355
2017,Rangitīkei,Opportunity,-0.005602275
2017,Rangitīkei,Other,0.00084821
2017,Rangitīkei,United,1.5463E-05
2017,Remutaka,ACT,-0.001222511
2017,Remutaka,Conservative,0.001698715
2017,Remutaka,Green,-0.007597082
2017,Remutaka,Labour,0.062745921
2017,Remutaka,Mana,-0.001199262
2017,Remutaka,Māori,-0.007248037
2017,Remutaka,National,-0.050230243
2017,Remutaka,NZ First,0.000986008
2017,Remutaka,Opportunity,0.003702387
2017,Remutaka,Other,-0.001751459
2017,Remutaka,United,0.000115563
2017,Rotorua,ACT,-0.001623651
2017,Rotorua,Conservative,0.000297485
2017,Rotorua,Green,-0.021113527
2017,Rotorua,Labour,-0.049083118
2017,Rotorua,Mana,-0.001199322
2017,Rotorua,Māori,0.000550613
2017,Rotorua,National,0.041752031
2017,Rotorua,NZ First,0.027464191
2017,Rotorua,Opportunity,0.002893984
2017,Rotorua,Other,0.00024599
2017,Rotorua,United,-0.000184677
2017,Selwyn,ACT,-0.000424111
2017,Selwyn,Conservative,-0.000102745
2017,Selwyn,Green,-0.016318136
2017,Selwyn,Labour,-0.109408915
2017,Selwyn,Mana,-0.001399322
2017,Selwyn,Māori,-0.010149547
2017,Selwyn,National,0.156292137
2017,Selwyn,NZ First,-0.014541528
2017,Selwyn,Opportunity,0.000791474
2017,Selwyn,Other,-0.00485455
2017,Selwyn,United,0.000115243
2017,Southland,ACT,-0.001224411
2017,Southland,Conservative,-0.000602875
2017,Southland,Green,-0.011123785
2017,Southland,Labour,-0.132830028
2017,Southland,Mana,-0.001299342
2017,Southland,Māori,-0.009349867
2017,Southland,National,0.154332635
2017,Southland,NZ First,-0.000250106
2017,Southland,Opportunity,0.002188685
2017,Southland,Other,4.39304E-05
2017,Southland,United,0.000115163
2017,Taieri,ACT,-0.002123941
2017,Taieri,Conservative,-0.000802675
2017,Taieri,Green,-0.013618406
2017,Taieri,Labour,0.086371507
2017,Taieri,Mana,-0.001299332
2017,Taieri,Māori,-0.009649597
2017,Taieri,National,-0.056986535
2017,Taieri,NZ First,0.001856832
2017,Taieri,Opportunity,-0.002708176
2017,Taieri,Other,-0.00095494
2017,Taieri,United,-8.4737E-05
2017,Takanini,ACT,0.000276879
2017,Takanini,Conservative,0.000997825
2017,Takanini,Green,-0.036310917
2017,Takanini,Labour,0.024256046
2017,Takanini,Mana,-0.000899272
2017,Takanini,Māori,-0.004348647
2017,Takanini,National,0.032099506
2017,Takanini,NZ First,-0.003328968
2017,Takanini,Opportunity,-0.015405126
2017,Takanini,Other,0.0028473
2017,Takanini,United,-0.000184627
2017,Tāmaki,ACT,0.008076349
2017,Tāmaki,Conservative,-0.001102515
2017,Tāmaki,Green,-0.007213527
2017,Tāmaki,Labour,-0.104283118
2017,Tāmaki,Mana,-0.001199322
2017,Tāmaki,Māori,-0.006749387
2017,Tāmaki,National,0.154152031
2017,Tāmaki,NZ First,-0.032235809
2017,Tāmaki,Opportunity,-0.004206016
2017,Tāmaki,Other,-0.00525401
2017,Tāmaki,United,1.5323E-05
2017,Tāmaki Makaurau,ACT,-0.003523651
2017,Tāmaki Makaurau,Conservative,-0.001402515
2017,Tāmaki Makaurau,Green,0.009286473
2017,Tāmaki Makaurau,Labour,0.230016882
2017,Tāmaki Makaurau,Mana,0.016600678
2017,Tāmaki Makaurau,Māori,0.094450613
2017,Tāmaki Makaurau,National,-0.377947969
2017,Tāmaki Makaurau,NZ First,0.023364191
2017,Tāmaki Makaurau,Opportunity,-0.001206016
2017,Tāmaki Makaurau,Other,0.01074599
2017,Tāmaki Makaurau,United,-0.000384677
2017,Taranaki-King Country,ACT,0.000977549
2017,Taranaki-King Country,Conservative,0.000698105
2017,Taranaki-King Country,Green,-0.018204685
2017,Taranaki-King Country,Labour,-0.124534548
2017,Taranaki-King Country,Mana,-0.001199282
2017,Taranaki-King Country,Māori,-0.006348307
2017,Taranaki-King Country,National,0.128266214
2017,Taranaki-King Country,NZ First,0.020982735
2017,Taranaki-King Country,Opportunity,-0.002801715
2017,Taranaki-King Country,Other,0.00184841
2017,Taranaki-King Country,United,0.000315523
2017,Taupō,ACT,-0.000322711
2017,Taupō,Conservative,0.000298025
2017,Taupō,Green,-0.028006646
2017,Taupō,Labour,-0.077225086
2017,Taupō,Mana,-0.000999242
2017,Taupō,Māori,-0.005248087
2017,Taupō,National,0.093559273
2017,Taupō,NZ First,0.017982135
2017,Taupō,Opportunity,-0.001601475
2017,Taupō,Other,0.00194843
2017,Taupō,United,-0.000384617
2017,Tauranga,ACT,0.000576349
2017,Tauranga,Conservative,0.000697485
2017,Tauranga,Green,-0.025013527
2017,Tauranga,Labour,-0.100583118
2017,Tauranga,Mana,-0.001199322
2017,Tauranga,Māori,-0.006849387
2017,Tauranga,National,0.082652031
2017,Tauranga,NZ First,0.046064191
2017,Tauranga,Opportunity,0.004593984
2017,Tauranga,Other,-0.00135401
2017,Tauranga,United,0.000415323
2017,Te Tai Hauāuru,ACT,-0.004123831
2017,Te Tai Hauāuru,Conservative,-0.001702655
2017,Te Tai Hauāuru,Green,0.002973396
2017,Te Tai Hauāuru,Labour,0.217299946
2017,Te Tai Hauāuru,Mana,0.005499298
2017,Te Tai Hauāuru,Māori,0.137820699
2017,Te Tai Hauāuru,National,-0.377161066
2017,Te Tai Hauāuru,NZ First,0.000949654
2017,Te Tai Hauāuru,Opportunity,0.004288265
2017,Te Tai Hauāuru,Other,0.014541031
2017,Te Tai Hauāuru,United,-0.000384737
2017,Te Tai Tokerau,ACT,-0.003423811
2017,Te Tai Tokerau,Conservative,-0.001802575
2017,Te Tai Tokerau,Green,0.001080124
2017,Te Tai Tokerau,Labour,0.209359208
2017,Te Tai Tokerau,Mana,0.058394699
2017,Te Tai Tokerau,Māori,0.052044234
2017,Te Tai Tokerau,National,-0.367155518
2017,Te Tai Tokerau,NZ First,0.040352982
2017,Te Tai Tokerau,Opportunity,-0.001108336
2017,Te Tai Tokerau,Other,0.01305337
2017,Te Tai Tokerau,United,-0.000484697
2017,Te Tai Tonga,ACT,-0.003023851
2017,Te Tai Tonga,Conservative,-0.001602595
2017,Te Tai Tonga,Green,0.018878344
2017,Te Tai Tonga,Labour,0.190461098
2017,Te Tai Tonga,Mana,0.003500188
2017,Te Tai Tonga,Māori,0.069042534
2017,Te Tai Tonga,National,-0.315960637
2017,Te Tai Tonga,NZ First,0.009056112
2017,Te Tai Tonga,Opportunity,0.014890064
2017,Te Tai Tonga,Other,0.01504346
2017,Te Tai Tonga,United,-0.000284717
2017,Tukituki,ACT,-0.001623651
2017,Tukituki,Conservative,0.000897485
2017,Tukituki,Green,-0.011413527
2017,Tukituki,Labour,-0.025483118
2017,Tukituki,Mana,-0.001199322
2017,Tukituki,Māori,-0.008249387
2017,Tukituki,National,0.046152031
2017,Tukituki,NZ First,0.006364191
2017,Tukituki,Opportunity,-0.004906016
2017,Tukituki,Other,-0.00075401
2017,Tukituki,United,0.000215323
2017,Upper Harbour,ACT,0.001776349
2017,Upper Harbour,Conservative,0.001597485
2017,Upper Harbour,Green,-0.019913527
2017,Upper Harbour,Labour,-0.089783118
2017,Upper Harbour,Mana,-0.001199322
2017,Upper Harbour,Māori,-0.009049387
2017,Upper Harbour,National,0.143452031
2017,Upper Harbour,NZ First,-0.015735809
2017,Upper Harbour,Opportunity,-0.007006016
2017,Upper Harbour,Other,-0.00425401
2017,Upper Harbour,United,0.000115323
2017,Waiariki,ACT,-0.004223651
2017,Waiariki,Conservative,-0.001802515
2017,Waiariki,Green,-0.024313527
2017,Waiariki,Labour,0.214016882
2017,Waiariki,Mana,0.009700678
2017,Waiariki,Māori,0.182650613
2017,Waiariki,National,-0.395847969
2017,Waiariki,NZ First,0.001464191
2017,Waiariki,Opportunity,0.004093984
2017,Waiariki,Other,0.01474599
2017,Waiariki,United,-0.000484677
2017,Waikato,ACT,0.000776349
2017,Waikato,Conservative,0.000397485
2017,Waikato,Green,-0.031113527
2017,Waikato,Labour,-0.115083118
2017,Waikato,Mana,-0.001199322
2017,Waikato,Māori,-0.007649387
2017,Waikato,National,0.133852031
2017,Waikato,NZ First,0.026064191
2017,Waikato,Opportunity,-0.006306016
2017,Waikato,Other,0.00034599
2017,Waikato,United,-8.4677E-05
2017,Waimakariri,ACT,-0.002123071
2017,Waimakariri,Conservative,0.001698305
2017,Waimakariri,Green,-0.021305305
2017,Waimakariri,Labour,-0.045218685
2017,Waimakariri,Mana,-0.001299302
2017,Waimakariri,Māori,-0.009648967
2017,Waimakariri,National,0.092259013
2017,Waimakariri,NZ First,-0.005422546
2017,Waimakariri,Opportunity,-0.006502455
2017,Waimakariri,Other,-0.00265249
2017,Waimakariri,United,0.000215503
2017,Wairarapa,ACT,-0.001023251
2017,Wairarapa,Conservative,-0.000102285
2017,Wairarapa,Green,-0.014108696
2017,Wairarapa,Labour,-0.046651044
2017,Wairarapa,Mana,-0.001199302
2017,Wairarapa,Māori,-0.006648877
2017,Wairarapa,National,0.041800476
2017,Wairarapa,NZ First,0.031874552
2017,Wairarapa,Opportunity,-0.003803966
2017,Wairarapa,Other,4.70201E-05
2017,Wairarapa,United,-0.000184627
2017,Waitākere,ACT,7.6349E-05
2017,Waitākere,Conservative,0.000197485
2017,Waitākere,Green,0.024786473
2017,Waitākere,Labour,0.042216882
2017,Waitākere,Mana,-0.000999322
2017,Waitākere,Māori,-0.007649387
2017,Waitākere,National,-0.046147969
2017,Waitākere,NZ First,-0.004335809
2017,Waitākere,Opportunity,-0.006206016
2017,Waitākere,Other,-0.00185401
2017,Waitākere,United,-8.4677E-05
2017,Waitaki,ACT,-0.002723651
2017,Waitaki,Conservative,-0.000202515
2017,Waitaki,Green,-0.008313527
2017,Waitaki,Labour,-0.059183118
2017,Waitaki,Mana,-0.001199322
2017,Waitaki,Māori,-0.010049387
2017,Waitaki,National,0.086352031
2017,Waitaki,NZ First,-0.006535809
2017,Waitaki,Opportunity,0.001793984
2017,Waitaki,Other,-5.401E-05
2017,Waitaki,United,0.000115323
2017,Wellington Bays,ACT,-0.001124041
2017,Wellington Bays,Conservative,-0.001102645
2017,Wellington Bays,Green,0.125067725
2017,Wellington Bays,Labour,0.068773267
2017,Wellington Bays,Mana,-0.001099352
2017,Wellington Bays,Māori,-0.006649897
2017,Wellington Bays,National,-0.166275606
2017,Wellington Bays,NZ First,-0.037839199
2017,Wellington Bays,Opportunity,0.024589095
2017,Wellington Bays,Other,-0.00425461
2017,Wellington Bays,United,-8.4737E-05
2017,Wellington North,ACT,0.002276349
2017,Wellington North,Conservative,-0.001702515
2017,Wellington North,Green,0.121886473
2017,Wellington North,Labour,-0.002383118
2017,Wellington North,Mana,-0.001099322
2017,Wellington North,Māori,-0.006449387
2017,Wellington North,National,-0.089747969
2017,Wellington North,NZ First,-0.047535809
2017,Wellington North,Opportunity,0.030893984
2017,Wellington North,Other,-0.00625401
2017,Wellington North,United,0.000115323
2017,West Coast-Tasman,ACT,-0.001424011
2017,West Coast-Tasman,Conservative,0.000197225
2017,West Coast-Tasman,Green,0.018878344
2017,West Coast-Tasman,Labour,0.002079936
2017,West Coast-Tasman,Mana,-0.001099352
2017,West Coast-Tasman,Māori,-0.009849577
2017,West Coast-Tasman,National,-0.041188115
2017,West Coast-Tasman,NZ First,0.021154902
2017,West Coast-Tasman,Opportunity,0.001591394
2017,West Coast-Tasman,Other,0.009644
2017,West Coast-Tasman,United,1.5253E-05
2017,Whanganui,ACT,-0.000823231
2017,Whanganui,Conservative,-2.27497E-06
2017,Whanganui,Green,-0.014708756
2017,Whanganui,Labour,-0.011047484
2017,Whanganui,Mana,-0.001099292
2017,Whanganui,Māori,-0.006948907
2017,Whanganui,National,0.008997196
2017,Whanganui,NZ First,0.029574322
2017,Whanganui,Opportunity,-0.006104196
2017,Whanganui,Other,0.00224724
2017,Whanganui,United,-8.4617E-05
2017,Whangaparāoa,ACT,0.003276349
2017,Whangaparāoa,Conservative,0.000797485
2017,Whangaparāoa,Green,-0.019813527
2017,Whangaparāoa,Labour,-0.141583118
2017,Whangaparāoa,Mana,-0.001399322
2017,Whangaparāoa,Māori,-0.009349387
2017,Whangaparāoa,National,0.171252031
2017,Whangaparāoa,NZ First,0.008864191
2017,Whangaparāoa,Opportunity,-0.007606016
2017,Whangaparāoa,Other,-0.00445401
2017,Whangaparāoa,United,1.5323E-05
2017,Whangārei,ACT,-0.000223651
2017,Whangārei,Conservative,0.000397485
2017,Whangārei,Green,-0.005313527
2017,Whangārei,Labour,-0.053083118
2017,Whangārei,Mana,-0.000299322
2017,Whangārei,Māori,-0.009249387
2017,Whangārei,National,0.004352031
2017,Whangārei,NZ First,0.069164191
2017,Whangārei,Opportunity,-0.007306016
2017,Whangārei,Other,0.00174599
2017,Whangārei,United,-0.000184677
2017,Wigram,ACT,-0.001023651
2017,Wigram,Conservative,0.000297485
2017,Wigram,Green,-0.002813527
2017,Wigram,Labour,0.014216882
2017,Wigram,Mana,-0.001299322
2017,Wigram,Māori,-0.008149387
2017,Wigram,National,0.010352031
2017,Wigram,NZ First,-0.013235809
2017,Wigram,Opportunity,0.002093984
2017,Wigram,Other,-0.00065401
2017,Wigram,United,0.000215323
2020,Auckland Central,ACT,-0.003625539
2020,Auckland Central,Conservative,-0.013304722
2020,Auckland Central,Green,0.122317462
2020,Auckland Central,Labour,-0.034740254
2020,Auckland Central,Māori,-0.007965476
2020,Auckland Central,National,-0.051095396
2020,Auckland Central,NZ First,-0.008899645
2020,Auckland Central,Opportunity,0.007357735
2020,Auckland Central,Other,-0.010044164
2020,Banks Peninsula,ACT,-0.005718578
2020,Banks Peninsula,Conservative,-0.004703302
2020,Banks Peninsula,Green,0.063931653
2020,Banks Peninsula,Labour,0.005909981
2020,Banks Peninsula,Māori,-0.008665186
2020,Banks Peninsula,National,-0.044574464
2020,Banks Peninsula,NZ First,-0.005997665
2020,Banks Peninsula,Opportunity,0.006759905
2020,Banks Peninsula,Other,-0.006942344
2020,Botany,ACT,0.004682462
2020,Botany,Conservative,-0.002603092
2020,Botany,Green,-0.042578998
2020,Botany,Labour,-0.08519913
2020,Botany,Māori,-0.010165336
2020,Botany,National,0.161846178
2020,Botany,NZ First,-0.011398205
2020,Botany,Opportunity,-0.007441515
2020,Botany,Other,-0.007142364
2020,Christchurch Central,ACT,-0.013931678
2020,Christchurch Central,Conservative,-0.004206192
2020,Christchurch Central,Green,0.047904873
2020,Christchurch Central,Labour,0.034506651
2020,Christchurch Central,Māori,-0.008065826
2020,Christchurch Central,National,-0.057815004
2020,Christchurch Central,NZ First,-0.004601765
2020,Christchurch Central,Opportunity,0.007855455
2020,Christchurch Central,Other,-0.001646514
2020,Christchurch East,ACT,-0.015437517
2020,Christchurch East,Conservative,0.004690559
2020,Christchurch East,Green,0.011199625
2020,Christchurch East,Labour,0.100140429
2020,Christchurch East,Māori,-0.007966196
2020,Christchurch East,National,-0.09232771
2020,Christchurch East,NZ First,-0.001304544
2020,Christchurch East,Opportunity,5.47356E-05
2020,Christchurch East,Other,0.000950617
2020,Coromandel,ACT,0.021393805
2020,Coromandel,Conservative,-0.000100961
2020,Coromandel,Green,-0.022171376
2020,Coromandel,Labour,-0.064253817
2020,Coromandel,Māori,-0.009164996
2020,Coromandel,National,0.071169617
2020,Coromandel,NZ First,0.004206356
2020,Coromandel,Opportunity,-0.006540585
2020,Coromandel,Other,0.005461957
2020,Dunedin,ACT,-0.022625539
2020,Dunedin,Conservative,-0.008404722
2020,Dunedin,Green,0.099517462
2020,Dunedin,Labour,0.055159746
2020,Dunedin,Māori,-0.008265476
2020,Dunedin,National,-0.113095396
2020,Dunedin,NZ First,-0.004499645
2020,Dunedin,Opportunity,0.013157735
2020,Dunedin,Other,-0.010629836
2020,East Cape,ACT,0.001974461
2020,East Cape,Conservative,-0.000504722
2020,East Cape,Green,-0.022982538
2020,East Cape,Labour,0.004159746
2020,East Cape,Māori,-0.004065476
2020,East Cape,National,0.013904604
2020,East Cape,NZ First,0.008400355
2020,East Cape,Opportunity,-0.005942265
2020,East Cape,Other,0.005055836
2020,East Coast Bays,ACT,0.015474461
2020,East Coast Bays,Conservative,0.000495278
2020,East Coast Bays,Green,-0.015982538
2020,East Coast Bays,Labour,-0.093740254
2020,East Coast Bays,Māori,-0.009565476
2020,East Coast Bays,National,0.120804604
2020,East Coast Bays,NZ First,-0.009199645
2020,East Coast Bays,Opportunity,-0.003142265
2020,East Coast Bays,Other,-0.005144164
2020,Epsom,ACT,0.026184612
2020,Epsom,Conservative,-0.012904122
2020,Epsom,Green,0.038029063
2020,Epsom,Labour,-0.131003711
2020,Epsom,Māori,-0.008965216
2020,Epsom,National,0.107240717
2020,Epsom,NZ First,-0.011398205
2020,Epsom,Opportunity,0.004959725
2020,Epsom,Other,-0.012142864
2020,Glendene,ACT,-0.028830189
2020,Glendene,Conservative,-0.002006412
2020,Glendene,Green,0.001109553
2020,Glendene,Labour,0.096700431
2020,Glendene,Māori,-0.005566076
2020,Glendene,National,-0.058314954
2020,Glendene,NZ First,0.000297745
2020,Glendene,Opportunity,-0.003043455
2020,Glendene,Other,-0.000346644
2020,Hamilton East,ACT,-0.006618668
2020,Hamilton East,Conservative,0.005197688
2020,Hamilton East,Green,0.001425403
2020,Hamilton East,Labour,-0.00899151
2020,Hamilton East,Māori,-0.006764996
2020,Hamilton East,National,0.018331826
2020,Hamilton East,NZ First,-0.004897555
2020,Hamilton East,Opportunity,0.006759905
2020,Hamilton East,Other,-0.004442094
2020,Hamilton West,ACT,-0.006618668
2020,Hamilton West,Conservative,0.006297798
2020,Hamilton West,Green,-0.021676908
2020,Hamilton West,Labour,0.026212011
2020,Hamilton West,Māori,-0.006364956
2020,Hamilton West,National,-0.002670274
2020,Hamilton West,NZ First,-0.000397105
2020,Hamilton West,Opportunity,0.005759805
2020,Hamilton West,Other,-0.000541704
2020,Hauraki-Waikato,ACT,-0.062522979
2020,Hauraki-Waikato,Conservative,-0.000100961
2020,Hauraki-Waikato,Green,-0.015870116
2020,Hauraki-Waikato,Labour,0.137486531
2020,Hauraki-Waikato,Māori,0.108458529
2020,Hauraki-Waikato,National,-0.217388095
2020,Hauraki-Waikato,NZ First,0.010007516
2020,Hauraki-Waikato,Opportunity,-0.004940265
2020,Hauraki-Waikato,Other,0.045700022
2020,Henderson,ACT,-0.023120319
2020,Henderson,Conservative,0.000897258
2020,Henderson,Green,-0.023277068
2020,Henderson,Labour,0.083317721
2020,Henderson,Māori,-0.005964916
2020,Henderson,National,-0.025672574
2020,Henderson,NZ First,-0.001497215
2020,Henderson,Opportunity,-0.004741245
2020,Henderson,Other,5.83562E-05
2020,Hutt South,ACT,-0.019725539
2020,Hutt South,Conservative,-0.002404722
2020,Hutt South,Green,0.017717462
2020,Hutt South,Labour,0.053159746
2020,Hutt South,Māori,-0.007265476
2020,Hutt South,National,-0.037595396
2020,Hutt South,NZ First,-0.002499645
2020,Hutt South,Opportunity,0.006957735
2020,Hutt South,Other,-0.008344164
2020,Ikaroa-Rāwhiti,ACT,-0.066622928
2020,Ikaroa-Rāwhiti,Conservative,-0.002999951
2020,Ikaroa-Rāwhiti,Green,-0.011462582
2020,Ikaroa-Rāwhiti,Labour,0.161457115
2020,Ikaroa-Rāwhiti,Māori,0.108070415
2020,Ikaroa-Rāwhiti,National,-0.230388344
2020,Ikaroa-Rāwhiti,NZ First,0.011511548
2020,Ikaroa-Rāwhiti,Opportunity,-0.006939864
2020,Ikaroa-Rāwhiti,Other,0.03768892
2020,Ilam,ACT,0.011474461
2020,Ilam,Conservative,-0.005304722
2020,Ilam,Green,0.024117462
2020,Ilam,Labour,-0.047940254
2020,Ilam,Māori,-0.009065476
2020,Ilam,National,0.039904604
2020,Ilam,NZ First,-0.008099645
2020,Ilam,Opportunity,0.004557735
2020,Ilam,Other,-0.009644164
2020,Invercargill,ACT,0.020564872
2020,Invercargill,Conservative,0.006492738
2020,Invercargill,Green,-0.043785958
2020,Invercargill,Labour,-0.02238766
2020,Invercargill,Māori,-0.009665666
2020,Invercargill,National,0.046674547
2020,Invercargill,NZ First,0.004297345
2020,Invercargill,Opportunity,-0.004243335
2020,Invercargill,Other,0.002053116
2020,Kaikōura,ACT,0.038485842
2020,Kaikōura,Conservative,0.005497718
2020,Kaikōura,Green,-0.025177258
2020,Kaikōura,Labour,-0.05299591
2020,Kaikōura,Māori,-0.009965316
2020,Kaikōura,National,0.047134707
2020,Kaikōura,NZ First,0.003103245
2020,Kaikōura,Opportunity,-0.003541125
2020,Kaikōura,Other,-0.002541904
2020,Kaipara ki Mahurangi,ACT,0.039451506
2020,Kaipara ki Mahurangi,Conservative,-0.001108281
2020,Kaipara ki Mahurangi,Green,-0.014895156
2020,Kaipara ki Mahurangi,Labour,-0.101319279
2020,Kaipara ki Mahurangi,Māori,-0.009065976
2020,Kaipara ki Mahurangi,National,0.089935837
2020,Kaipara ki Mahurangi,NZ First,-0.000704664
2020,Kaipara ki Mahurangi,Opportunity,-0.003044645
2020,Kaipara ki Mahurangi,Other,0.000750657
2020,Kapiti,ACT,-0.003332738
2020,Kapiti,Conservative,-0.004406172
2020,Kapiti,Green,0.018107853
2020,Kapiti,Labour,0.016308471
2020,Kapiti,Māori,-0.008365796
2020,Kapiti,National,-0.006720114
2020,Kapiti,NZ First,-0.004401785
2020,Kapiti,Opportunity,0.001356105
2020,Kapiti,Other,-0.008545824
2020,Kenepuru,ACT,-0.024330639
2020,Kenepuru,Conservative,-0.001806432
2020,Kenepuru,Green,0.014108253
2020,Kenepuru,Labour,0.083501751
2020,Kenepuru,Māori,-0.005966036
2020,Kenepuru,National,-0.063414444
2020,Kenepuru,NZ First,-0.003001925
2020,Kenepuru,Opportunity,0.007855455
2020,Kenepuru,Other,-0.006945984
2020,Māngere,ACT,-0.060022478
2020,Māngere,Conservative,0.003699799
2020,Māngere,Green,-0.038874717
2020,Māngere,Labour,0.266512336
2020,Māngere,Māori,-0.002863736
2020,Māngere,National,-0.162477113
2020,Māngere,NZ First,0.001605836
2020,Māngere,Opportunity,-0.010941465
2020,Māngere,Other,0.003361537
2020,Manurewa,ACT,-0.056329338
2020,Manurewa,Conservative,0.007290039
2020,Manurewa,Green,-0.047688597
2020,Manurewa,Labour,0.218116834
2020,Manurewa,Māori,-0.003567076
2020,Manurewa,National,-0.116322911
2020,Manurewa,NZ First,0.002494696
2020,Manurewa,Opportunity,-0.010343185
2020,Manurewa,Other,0.006349537
2020,Maungakiekie,ACT,-0.007932278
2020,Maungakiekie,Conservative,-0.004506162
2020,Maungakiekie,Green,0.009608703
2020,Maungakiekie,Labour,0.022607841
2020,Maungakiekie,Māori,-0.006965936
2020,Maungakiekie,National,-0.006320154
2020,Maungakiekie,NZ First,-0.004801745
2020,Maungakiekie,Opportunity,0.003155925
2020,Maungakiekie,Other,-0.004846194
2020,Mt Albert,ACT,-0.017725539
2020,Mt Albert,Conservative,-0.010404722
2020,Mt Albert,Green,0.089517462
2020,Mt Albert,Labour,0.015159746
2020,Mt Albert,Māori,-0.006965476
2020,Mt Albert,National,-0.060595396
2020,Mt Albert,NZ First,-0.007099645
2020,Mt Albert,Opportunity,0.007557735
2020,Mt Albert,Other,-0.009444164
2020,Mt Maunganui,ACT,0.023374461
2020,Mt Maunganui,Conservative,0.002395278
2020,Mt Maunganui,Green,-0.026482538
2020,Mt Maunganui,Labour,-0.068640254
2020,Mt Maunganui,Māori,-0.007865476
2020,Mt Maunganui,National,0.068604604
2020,Mt Maunganui,NZ First,0.003300355
2020,Mt Maunganui,Opportunity,0.003457735
2020,Mt Maunganui,Other,0.001855836
2020,Mt Roskill,ACT,-0.026415757
2020,Mt Roskill,Conservative,-0.002501441
2020,Mt Roskill,Green,0.000433145
2020,Mt Roskill,Labour,0.055870208
2020,Mt Roskill,Māori,-0.007964756
2020,Mt Roskill,National,-0.006545926
2020,Mt Roskill,NZ First,-0.005495584
2020,Mt Roskill,Opportunity,-0.002939865
2020,Mt Roskill,Other,-0.004440023
2020,Napier,ACT,0.007074461
2020,Napier,Conservative,-0.001804722
2020,Napier,Green,-0.019982538
2020,Napier,Labour,0.006759746
2020,Napier,Māori,-0.008765476
2020,Napier,National,0.026904604
2020,Napier,NZ First,-0.004399645
2020,Napier,Opportunity,-0.002342265
2020,Napier,Other,-0.003444164
2020,Nelson,ACT,0.006182612
2020,Nelson,Conservative,0.003497518
2020,Nelson,Green,0.012226483
2020,Nelson,Labour,0.040013391
2020,Nelson,Māori,-0.009565276
2020,Nelson,National,-0.048074814
2020,Nelson,NZ First,-0.006997765
2020,Nelson,Opportunity,0.002459475
2020,Nelson,Other,0.000258376
2020,New Plymouth,ACT,0.004166512
2020,New Plymouth,Conservative,0.000993288
2020,New Plymouth,Green,-0.031987138
2020,New Plymouth,Labour,-0.01518838
2020,New Plymouth,Māori,-0.006765956
2020,New Plymouth,National,0.046074607
2020,New Plymouth,NZ First,-0.003301895
2020,New Plymouth,Opportunity,0.002755965
2020,New Plymouth,Other,0.003252996
2020,North Shore,ACT,0.022584252
2020,North Shore,Conservative,-0.005703402
2020,North Shore,Green,0.004325693
2020,North Shore,Labour,-0.08539915
2020,North Shore,Māori,-0.009165236
2020,North Shore,National,0.087238717
2020,North Shore,NZ First,-0.006997765
2020,North Shore,Opportunity,0.003659595
2020,North Shore,Other,-0.010542704
2020,Northcote,ACT,-0.002732798
2020,Northcote,Conservative,-0.003506262
2020,Northcote,Green,0.006609003
2020,Northcote,Labour,-0.00338956
2020,Northcote,Māori,-0.009265706
2020,Northcote,National,0.022576957
2020,Northcote,NZ First,-0.006501575
2020,Northcote,Opportunity,0.003255915
2020,Northcote,Other,-0.007045974
2020,Northland,ACT,0.018855625
2020,Northland,Conservative,0.005390419
2020,Northland,Green,-0.017594616
2020,Northland,Labour,-0.059327677
2020,Northland,Māori,-0.007566276
2020,Northland,National,0.019050015
2020,Northland,NZ First,0.031588877
2020,Northland,Opportunity,-0.004944265
2020,Northland,Other,0.014547898
2020,Ōtāhuhu,ACT,-0.054425539
2020,Ōtāhuhu,Conservative,-0.001404722
2020,Ōtāhuhu,Green,-0.044882538
2020,Ōtāhuhu,Labour,0.237359746
2020,Ōtāhuhu,Māori,-0.005565476
2020,Ōtāhuhu,National,-0.124795396
2020,Ōtāhuhu,NZ First,-0.001899645
2020,Ōtāhuhu,Opportunity,-0.009642265
2020,Ōtāhuhu,Other,0.005255836
2020,Pakuranga,ACT,0.010883082
2020,Pakuranga,Conservative,-0.002703102
2020,Pakuranga,Green,-0.032377978
2020,Pakuranga,Labour,-0.08039865
2020,Pakuranga,Māori,-0.009665286
2020,Pakuranga,National,0.131943188
2020,Pakuranga,NZ First,-0.004897555
2020,Pakuranga,Opportunity,-0.005941365
2020,Pakuranga,Other,-0.006842334
2020,Palmerston North,ACT,-0.001532918
2020,Palmerston North,Conservative,0.003093078
2020,Palmerston North,Green,-0.005189817
2020,Palmerston North,Labour,0.029207181
2020,Palmerston North,Māori,-0.007165916
2020,Palmerston North,National,-0.021818604
2020,Palmerston North,NZ First,0.003497425
2020,Palmerston North,Opportunity,0.004655775
2020,Palmerston North,Other,-0.004746204
2020,Papakura,ACT,0.005058384
2020,Papakura,Conservative,0.002291039
2020,Papakura,Green,-0.039490237
2020,Papakura,Labour,-0.048729797
2020,Papakura,Māori,-0.007966196
2020,Papakura,National,0.098334158
2020,Papakura,NZ First,0.002294736
2020,Papakura,Opportunity,-0.007243805
2020,Papakura,Other,-0.004548283
2020,Port Waikato,ACT,0.031063822
2020,Port Waikato,Conservative,0.001693218
2020,Port Waikato,Green,-0.044685868
2020,Port Waikato,Labour,-0.09528037
2020,Port Waikato,Māori,-0.008365796
2020,Port Waikato,National,0.107668447
2020,Port Waikato,NZ First,0.003397435
2020,Port Waikato,Opportunity,-0.005743185
2020,Port Waikato,Other,0.010252296
2020,Rangitata,ACT,0.020384032
2020,Rangitata,Conservative,0.002397408
2020,Rangitata,Green,-0.047079448
2020,Rangitata,Labour,-0.01259187
2020,Rangitata,Māori,-0.010265346
2020,Rangitata,National,0.057935787
2020,Rangitata,NZ First,-0.005997665
2020,Rangitata,Opportunity,-0.005241295
2020,Rangitata,Other,0.000458396
2020,Rangitīkei,ACT,0.021274461
2020,Rangitīkei,Conservative,0.002895278
2020,Rangitīkei,Green,-0.037082538
2020,Rangitīkei,Labour,-0.010140254
2020,Rangitīkei,Māori,-0.007865476
2020,Rangitīkei,National,0.030404604
2020,Rangitīkei,NZ First,0.007300355
2020,Rangitīkei,Opportunity,-0.004342265
2020,Rangitīkei,Other,-0.002444164
2020,Remutaka,ACT,-0.015631508
2020,Remutaka,Conservative,0.008692518
2020,Remutaka,Green,-0.005889747
2020,Remutaka,Labour,0.083201781
2020,Remutaka,Māori,-0.007665866
2020,Remutaka,National,-0.061914594
2020,Remutaka,NZ First,0.003497425
2020,Remutaka,Opportunity,0.004155825
2020,Remutaka,Other,-0.008445834
2020,Rotorua,ACT,0.015783572
2020,Rotorua,Conservative,0.007897958
2020,Rotorua,Green,-0.030777818
2020,Rotorua,Labour,-0.03549416
2020,Rotorua,Māori,-0.002764596
2020,Rotorua,National,0.032133207
2020,Rotorua,NZ First,0.009903925
2020,Rotorua,Opportunity,0.000759305
2020,Rotorua,Other,0.002558606
2020,Selwyn,ACT,0.051787172
2020,Selwyn,Conservative,0.000697238
2020,Selwyn,Green,-0.029477688
2020,Selwyn,Labour,-0.07759837
2020,Selwyn,Māori,-0.010165336
2020,Selwyn,National,0.081538147
2020,Selwyn,NZ First,-0.005497615
2020,Selwyn,Opportunity,-0.002341005
2020,Selwyn,Other,-0.008942544
2020,Southland,ACT,0.051074461
2020,Southland,Conservative,-0.001904722
2020,Southland,Green,-0.024982538
2020,Southland,Labour,-0.107440254
2020,Southland,Māori,-0.010065476
2020,Southland,National,0.102804604
2020,Southland,NZ First,-0.005799645
2020,Southland,Opportunity,0.000757735
2020,Southland,Other,-0.004444164
2020,Taieri,ACT,-0.002210916
2020,Taieri,Conservative,-0.005302001
2020,Taieri,Green,-0.023971736
2020,Taieri,Labour,0.092877609
2020,Taieri,Māori,-0.010365236
2020,Taieri,National,-0.042753168
2020,Taieri,NZ First,0.000305576
2020,Taieri,Opportunity,-0.002339745
2020,Taieri,Other,-0.006240383
2020,Takanini,ACT,-0.030025539
2020,Takanini,Conservative,0.004595278
2020,Takanini,Green,-0.045082538
2020,Takanini,Labour,0.060259746
2020,Takanini,Māori,-0.007165476
2020,Takanini,National,0.034404604
2020,Takanini,NZ First,-0.005999645
2020,Takanini,Opportunity,-0.008942265
2020,Takanini,Other,-0.002044164
2020,Tāmaki,ACT,0.037685762
2020,Tāmaki,Conservative,-0.010903922
2020,Tāmaki,Green,-0.002274967
2020,Tāmaki,Labour,-0.098800491
2020,Tāmaki,Māori,-0.008465166
2020,Tāmaki,National,0.104740467
2020,Tāmaki,NZ First,-0.009398005
2020,Tāmaki,Opportunity,-0.001740945
2020,Tāmaki,Other,-0.010842734
2020,Tāmaki Makaurau,ACT,-0.064727659
2020,Tāmaki Makaurau,Conservative,0.003190859
2020,Tāmaki Makaurau,Green,0.026596546
2020,Tāmaki Makaurau,Labour,0.103239809
2020,Tāmaki Makaurau,Māori,0.115409129
2020,Tāmaki Makaurau,National,-0.222801615
2020,Tāmaki Makaurau,NZ First,0.016191957
2020,Tāmaki Makaurau,Opportunity,-0.004744305
2020,Tāmaki Makaurau,Other,0.027645278
2020,Taranaki-King Country,ACT,0.036674461
2020,Taranaki-King Country,Conservative,0.010095278
2020,Taranaki-King Country,Green,-0.030982538
2020,Taranaki-King Country,Labour,-0.115840254
2020,Taranaki-King Country,Māori,-0.006765476
2020,Taranaki-King Country,National,0.105204604
2020,Taranaki-King Country,NZ First,0.002100355
2020,Taranaki-King Country,Opportunity,-0.003142265
2020,Taranaki-King Country,Other,0.002655836
2020,Taupō,ACT,0.022384232
2020,Taupō,Conservative,0.000997268
2020,Taupō,Green,-0.040178758
2020,Taupō,Labour,-0.04649526
2020,Taupō,Māori,-0.007865106
2020,Taupō,National,0.071637157
2020,Taupō,NZ First,0.001803115
2020,Taupō,Opportunity,-0.001640935
2020,Taupō,Other,-0.000641714
2020,Tauranga,ACT,0.015065422
2020,Tauranga,Conservative,0.009992388
2020,Tauranga,Green,-0.027587578
2020,Tauranga,Labour,-0.07718218
2020,Tauranga,Māori,-0.007465886
2020,Tauranga,National,0.072371977
2020,Tauranga,NZ First,0.010496725
2020,Tauranga,Opportunity,0.002455995
2020,Tauranga,Other,0.001853136
2020,Te Tai Hauāuru,ACT,-0.063324339
2020,Te Tai Hauāuru,Conservative,-0.003303162
2020,Te Tai Hauāuru,Green,-0.010875827
2020,Te Tai Hauāuru,Labour,0.113920782
2020,Te Tai Hauāuru,Māori,0.142949976
2020,Te Tai Hauāuru,National,-0.223992406
2020,Te Tai Hauāuru,NZ First,0.009303865
2020,Te Tai Hauāuru,Opportunity,-0.005041275
2020,Te Tai Hauāuru,Other,0.040362387
2020,Te Tai Tokerau,ACT,-0.062225539
2020,Te Tai Tokerau,Conservative,0.000295278
2020,Te Tai Tokerau,Green,-0.004482538
2020,Te Tai Tokerau,Labour,0.104159746
2020,Te Tai Tokerau,Māori,0.090234524
2020,Te Tai Tokerau,National,-0.217795396
2020,Te Tai Tokerau,NZ First,0.045200355
2020,Te Tai Tokerau,Opportunity,-0.004942265
2020,Te Tai Tokerau,Other,0.049555836
2020,Te Tai Tonga,ACT,-0.046925539
2020,Te Tai Tonga,Conservative,-0.004104722
2020,Te Tai Tonga,Green,0.037417462
2020,Te Tai Tonga,Labour,0.089959746
2020,Te Tai Tonga,Māori,0.073334524
2020,Te Tai Tonga,National,-0.196295396
2020,Te Tai Tonga,NZ First,0.008200355
2020,Te Tai Tonga,Opportunity,0.003257735
2020,Te Tai Tonga,Other,0.035155836
2020,Tukituki,ACT,0.012156964
2020,Tukituki,Conservative,0.005390419
2020,Tukituki,Green,-0.024293276
2020,Tukituki,Labour,-0.015336475
2020,Tukituki,Māori,-0.007666256
2020,Tukituki,National,0.040645696
2020,Tukituki,NZ First,-0.005303744
2020,Tukituki,Opportunity,-0.004144425
2020,Tukituki,Other,-0.001448903
2020,Upper Harbour,ACT,0.010265902
2020,Upper Harbour,Conservative,0.000793308
2020,Upper Harbour,Green,-0.024087928
2020,Upper Harbour,Labour,-0.06328357
2020,Upper Harbour,Māori,-0.008465786
2020,Upper Harbour,National,0.095469667
2020,Upper Harbour,NZ First,-0.006701555
2020,Upper Harbour,Opportunity,0.000156225
2020,Upper Harbour,Other,-0.004146264
2020,Waiariki,ACT,-0.066026469
2020,Waiariki,Conservative,0.012592128
2020,Waiariki,Green,-0.019388397
2020,Waiariki,Labour,0.101099991
2020,Waiariki,Māori,0.163317036
2020,Waiariki,National,-0.230397746
2020,Waiariki,NZ First,0.010296745
2020,Waiariki,Opportunity,-0.006043155
2020,Waiariki,Other,0.034549867
2020,Waikato,ACT,0.029174461
2020,Waikato,Conservative,0.009695278
2020,Waikato,Green,-0.042982538
2020,Waikato,Labour,-0.104140254
2020,Waikato,Māori,-0.008065476
2020,Waikato,National,0.120904604
2020,Waikato,NZ First,0.001100355
2020,Waikato,Opportunity,-0.002442265
2020,Waikato,Other,-0.003244164
2020,Waimakariri,ACT,0.016983692
2020,Waimakariri,Conservative,0.012398408
2020,Waimakariri,Green,-0.031677908
2020,Waimakariri,Labour,-0.00329094
2020,Waimakariri,Māori,-0.009965316
2020,Waimakariri,National,0.029032897
2020,Waimakariri,NZ First,-0.004697535
2020,Waimakariri,Opportunity,-0.005641335
2020,Waimakariri,Other,-0.003141964
2020,Wairarapa,ACT,0.016765252
2020,Wairarapa,Conservative,0.000193368
2020,Wairarapa,Green,-0.025987738
2020,Wairarapa,Labour,-0.01858804
2020,Wairarapa,Māori,-0.008865746
2020,Wairarapa,National,0.035475667
2020,Wairarapa,NZ First,0.008496925
2020,Wairarapa,Opportunity,-0.004043355
2020,Wairarapa,Other,-0.003446334
2020,Waitākere,ACT,-0.010731998
2020,Waitākere,Conservative,-0.005306082
2020,Waitākere,Green,0.034306233
2020,Waitākere,Labour,0.045105591
2020,Waitākere,Māori,-0.006465986
2020,Waitākere,National,-0.051115674
2020,Waitākere,NZ First,-0.001402085
2020,Waitākere,Opportunity,-0.002143545
2020,Waitākere,Other,-0.002246454
2020,Waitaki,ACT,0.040474461
2020,Waitaki,Conservative,0.001995278
2020,Waitaki,Green,-0.021682538
2020,Waitaki,Labour,-0.058340254
2020,Waitaki,Māori,-0.010365476
2020,Waitaki,National,0.056804604
2020,Waitaki,NZ First,-0.006099645
2020,Waitaki,Opportunity,-0.001942265
2020,Waitaki,Other,-0.000844164
2020,Wellington Bays,ACT,-0.036121619
2020,Wellington Bays,Conservative,-0.012504082
2020,Wellington Bays,Green,0.175142774
2020,Wellington Bays,Labour,0.011010491
2020,Wellington Bays,Māori,-0.007065026
2020,Wellington Bays,National,-0.124882495
2020,Wellington Bays,NZ First,-0.007697835
2020,Wellington Bays,Opportunity,0.014760705
2020,Wellington Bays,Other,-0.012642914
2020,Wellington North,ACT,-0.020930979
2020,Wellington North,Conservative,-0.012705342
2020,Wellington North,Green,0.185791085
2020,Wellington North,Labour,-0.05128477
2020,Wellington North,Māori,-0.006865946
2020,Wellington North,National,-0.084312355
2020,Wellington North,NZ First,-0.013800845
2020,Wellington North,Opportunity,0.019954245
2020,Wellington North,Other,-0.015845094
2020,West Coast-Tasman,ACT,0.021764752
2020,West Coast-Tasman,Conservative,-0.000306582
2020,West Coast-Tasman,Green,0.003909273
2020,West Coast-Tasman,Labour,-0.02618728
2020,West Coast-Tasman,Māori,-0.009565676
2020,West Coast-Tasman,National,-0.003320454
2020,West Coast-Tasman,NZ First,0.003597415
2020,West Coast-Tasman,Opportunity,-0.002243535
2020,West Coast-Tasman,Other,0.012352086
2020,Whanganui,ACT,0.005390604
2020,Whanganui,Conservative,0.002299519
2020,Whanganui,Green,-0.028672676
2020,Whanganui,Labour,0.012861606
2020,Whanganui,Māori,-0.005964356
2020,Whanganui,National,0.009457274
2020,Whanganui,NZ First,0.007306976
2020,Whanganui,Opportunity,-0.004940265
2020,Whanganui,Other,0.002261317
2020,Whangaparāoa,ACT,0.028974461
2020,Whangaparāoa,Conservative,0.005595278
2020,Whangaparāoa,Green,-0.030282538
2020,Whangaparāoa,Labour,-0.094540254
2020,Whangaparāoa,Māori,-0.009765476
2020,Whangaparāoa,National,0.110404604
2020,Whangaparāoa,NZ First,-0.003399645
2020,Whangaparāoa,Opportunity,-0.003342265
2020,Whangaparāoa,Other,-0.003644164
2020,Whangārei,ACT,0.007074461
2020,Whangārei,Conservative,0.006195278
2020,Whangārei,Green,-0.016482538
2020,Whangārei,Labour,-0.028440254
2020,Whangārei,Māori,-0.008265476
2020,Whangārei,National,0.006304604
2020,Whangārei,NZ First,0.025700355
2020,Whangārei,Opportunity,-0.000142265
2020,Whangārei,Other,0.008055836
2020,Wigram,ACT,-0.007732298
2020,Wigram,Conservative,0.001293258
2020,Wigram,Green,0.000809583
2020,Wigram,Labour,0.026707431
2020,Wigram,Māori,-0.008865746
2020,Wigram,National,-0.010919694
2020,Wigram,NZ First,-0.006301595
2020,Wigram,Opportunity,0.007255515
2020,Wigram,Other,-0.002246454
2023,Auckland Central,ACT,0.002461198
2023,Auckland Central,Conservative,-0.005936873
2023,Auckland Central,Green,0.133721232
2023,Auckland Central,Labour,-0.034221476
2023,Auckland Central,Māori,-0.014628946
2023,Auckland Central,National,-0.056308343
2023,Auckland Central,NZ First,-0.024313472
2023,Auckland Central,Opportunity,0.012713575
2023,Auckland Central,Other,-0.013486896
2023,Banks Peninsula,ACT,-0.007130921
2023,Banks Peninsula,Conservative,0.000864007
2023,Banks Peninsula,Green,0.080840854
2023,Banks Peninsula,Labour,-0.002294943
2023,Banks Peninsula,Māori,-0.022828166
2023,Banks Peninsula,National,-0.060176499
2023,Banks Peninsula,NZ First,-0.007108131
2023,Banks Peninsula,Opportunity,0.026218406
2023,Banks Peninsula,Other,-0.008384606
2023,Botany,ACT,0.002370029
2023,Botany,Conservative,-0.002136293
2023,Botany,Green,-0.056872917
2023,Botany,Labour,-0.124807194
2023,Botany,Māori,-0.027328616
2023,Botany,National,0.257955314
2023,Botany,NZ First,-0.029910412
2023,Botany,Opportunity,-0.009385155
2023,Botany,Other,-0.009884756
2023,Christchurch Central,ACT,-0.019432151
2023,Christchurch Central,Conservative,-0.001836263
2023,Christchurch Central,Green,0.078640634
2023,Christchurch Central,Labour,0.017006987
2023,Christchurch Central,Māori,-0.020727956
2023,Christchurch Central,National,-0.0671772
2023,Christchurch Central,NZ First,-0.008808301
2023,Christchurch Central,Opportunity,0.030618846
2023,Christchurch Central,Other,-0.008284596
2023,Christchurch East,ACT,-0.016731881
2023,Christchurch East,Conservative,0.004364357
2023,Christchurch East,Green,0.036136384
2023,Christchurch East,Labour,0.073412628
2023,Christchurch East,Māori,-0.019927876
2023,Christchurch East,National,-0.09748023
2023,Christchurch East,NZ First,0.006893269
2023,Christchurch East,Opportunity,0.013217105
2023,Christchurch East,Other,0.000116244
2023,Coromandel,ACT,0.032549349
2023,Coromandel,Conservative,-0.000637603
2023,Coromandel,Green,-0.037586547
2023,Coromandel,Labour,-0.072141024
2023,Coromandel,Māori,-0.022929716
2023,Coromandel,National,0.049648832
2023,Coromandel,NZ First,0.043276149
2023,Coromandel,Opportunity,-0.011287505
2023,Coromandel,Other,0.019108065
2023,Dunedin,ACT,-0.028233031
2023,Dunedin,Conservative,-0.002636343
2023,Dunedin,Green,0.153148085
2023,Dunedin,Labour,0.041109397
2023,Dunedin,Māori,-0.016227506
2023,Dunedin,National,-0.1521857
2023,Dunedin,NZ First,-0.004307851
2023,Dunedin,Opportunity,0.020417825
2023,Dunedin,Other,-0.011084876
2023,East Cape,ACT,0.002670059
2023,East Cape,Conservative,0.000263947
2023,East Cape,Green,-0.041171347
2023,East Cape,Labour,0.029208207
2023,East Cape,Māori,-0.008126696
2023,East Cape,National,-0.011571639
2023,East Cape,NZ First,0.035396119
2023,East Cape,Opportunity,-0.010785295
2023,East Cape,Other,0.004116644
2023,East Coast Bays,ACT,0.013861198
2023,East Coast Bays,Conservative,0.004363127
2023,East Coast Bays,Green,-0.027378768
2023,East Coast Bays,Labour,-0.119521476
2023,East Coast Bays,Māori,-0.026828946
2023,East Coast Bays,National,0.188591657
2023,East Coast Bays,NZ First,-0.019713472
2023,East Coast Bays,Opportunity,-0.004286425
2023,East Coast Bays,Other,-0.009086896
2023,Epsom,ACT,0.035585503
2023,Epsom,Conservative,-0.005436373
2023,Epsom,Green,0.029950298
2023,Epsom,Labour,-0.11639123
2023,Epsom,Māori,-0.022327286
2023,Epsom,National,0.122391857
2023,Epsom,NZ First,-0.034108191
2023,Epsom,Opportunity,0.011120216
2023,Epsom,Other,-0.020784796
2023,Glendene,ACT,-0.02635072
2023,Glendene,Conservative,0.002960947
2023,Glendene,Green,0.020094138
2023,Glendene,Labour,0.083008398
2023,Glendene,Māori,-0.014532165
2023,Glendene,National,-0.039676129
2023,Glendene,NZ First,-0.01532251
2023,Glendene,Opportunity,-0.002490344
2023,Glendene,Other,-0.007691615
2023,Hamilton East,ACT,-0.005638802
2023,Hamilton East,Conservative,0.000463127
2023,Hamilton East,Green,0.007521232
2023,Hamilton East,Labour,-0.020321476
2023,Hamilton East,Māori,-0.015928946
2023,Hamilton East,National,0.047791657
2023,Hamilton East,NZ First,-0.010713472
2023,Hamilton East,Opportunity,0.005013575
2023,Hamilton East,Other,-0.008186896
2023,Hamilton West,ACT,0.001369929
2023,Hamilton West,Conservative,-0.000836163
2023,Hamilton West,Green,-0.016168847
2023,Hamilton West,Labour,-0.004495163
2023,Hamilton West,Māori,-0.012327116
2023,Hamilton West,National,0.033132831
2023,Hamilton West,NZ First,0.001392719
2023,Hamilton West,Opportunity,0.002716055
2023,Hamilton West,Other,-0.004784246
2023,Hauraki-Waikato,ACT,-0.074836581
2023,Hauraki-Waikato,Conservative,-0.002035693
2023,Hauraki-Waikato,Green,-0.042464185
2023,Hauraki-Waikato,Labour,0.169966042
2023,Hauraki-Waikato,Māori,0.291135407
2023,Hauraki-Waikato,National,-0.329598541
2023,Hauraki-Waikato,NZ First,-0.02330603
2023,Hauraki-Waikato,Opportunity,-0.014784965
2023,Hauraki-Waikato,Other,0.025924546
2023,Henderson,ACT,-0.018532061
2023,Henderson,Conservative,0.003164237
2023,Henderson,Green,-0.017869017
2023,Henderson,Labour,0.063211608
2023,Henderson,Māori,-0.016027486
2023,Henderson,National,0.010230541
2023,Henderson,NZ First,-0.014008821
2023,Henderson,Opportunity,-0.006984915
2023,Henderson,Other,-0.003184086
2023,Hutt South,ACT,-0.028938802
2023,Hutt South,Conservative,-0.001636873
2023,Hutt South,Green,0.042421232
2023,Hutt South,Labour,0.054878524
2023,Hutt South,Māori,-0.017028946
2023,Hutt South,National,-0.041508343
2023,Hutt South,NZ First,-0.010113472
2023,Hutt South,Opportunity,0.012413575
2023,Hutt South,Other,-0.010486896
2023,Ikaroa-Rāwhiti,ACT,-0.078238802
2023,Ikaroa-Rāwhiti,Conservative,-0.000336873
2023,Ikaroa-Rāwhiti,Green,-0.044478768
2023,Ikaroa-Rāwhiti,Labour,0.268778524
2023,Ikaroa-Rāwhiti,Māori,0.223071054
2023,Ikaroa-Rāwhiti,National,-0.342308343
2023,Ikaroa-Rāwhiti,NZ First,-0.025913472
2023,Ikaroa-Rāwhiti,Opportunity,-0.016286425
2023,Ikaroa-Rāwhiti,Other,0.015713104
2023,Ilam,ACT,-0.003347061
2023,Ilam,Conservative,-0.002937373
2023,Ilam,Green,0.033006394
2023,Ilam,Labour,-0.046343604
2023,Ilam,Māori,-0.024429566
2023,Ilam,National,0.050248772
2023,Ilam,NZ First,-0.019817542
2023,Ilam,Opportunity,0.027408626
2023,Ilam,Other,-0.013788646
2023,Invercargill,ACT,0.019761198
2023,Invercargill,Conservative,-0.000136873
2023,Invercargill,Green,-0.054078768
2023,Invercargill,Labour,-0.015421476
2023,Invercargill,Māori,-0.023328946
2023,Invercargill,National,0.048891657
2023,Invercargill,NZ First,0.012886528
2023,Invercargill,Opportunity,-0.009386425
2023,Invercargill,Other,0.020813104
2023,Kaikōura,ACT,0.054047199
2023,Kaikōura,Conservative,0.003162017
2023,Kaikōura,Green,-0.037686537
2023,Kaikōura,Labour,-0.061242114
2023,Kaikōura,Māori,-0.025529456
2023,Kaikōura,National,0.030650731
2023,Kaikōura,NZ First,0.029977479
2023,Kaikōura,Opportunity,-0.005388095
2023,Kaikōura,Other,0.012008774
2023,Kaipara ki Mahurangi,ACT,0.037561198
2023,Kaipara ki Mahurangi,Conservative,0.001363127
2023,Kaipara ki Mahurangi,Green,-0.021778768
2023,Kaipara ki Mahurangi,Labour,-0.104721476
2023,Kaipara ki Mahurangi,Māori,-0.023828946
2023,Kaipara ki Mahurangi,National,0.098991657
2023,Kaipara ki Mahurangi,NZ First,0.009286528
2023,Kaipara ki Mahurangi,Opportunity,-0.003886425
2023,Kaipara ki Mahurangi,Other,0.007013104
2023,Kapiti,ACT,-0.016631871
2023,Kapiti,Conservative,-0.001736253
2023,Kapiti,Green,0.031535924
2023,Kapiti,Labour,0.027708057
2023,Kapiti,Māori,-0.018027686
2023,Kapiti,National,-0.021672649
2023,Kapiti,NZ First,0.002092789
2023,Kapiti,Opportunity,0.003516135
2023,Kapiti,Other,-0.006784446
2023,Kenepuru,ACT,-0.034838802
2023,Kenepuru,Conservative,-3.6873E-05
2023,Kenepuru,Green,0.039521232
2023,Kenepuru,Labour,0.102978524
2023,Kenepuru,Māori,-0.013028946
2023,Kenepuru,National,-0.074408343
2023,Kenepuru,NZ First,-0.017313472
2023,Kenepuru,Opportunity,0.010213575
2023,Kenepuru,Other,-0.013086896
2023,Māngere,ACT,-0.064836692
2023,Māngere,Conservative,0.002364157
2023,Māngere,Green,-0.038271057
2023,Māngere,Labour,0.33503879
2023,Māngere,Māori,-0.009926876
2023,Māngere,National,-0.183188801
2023,Māngere,NZ First,-0.027510172
2023,Māngere,Opportunity,-0.012985515
2023,Māngere,Other,-0.000683836
2023,Manurewa,ACT,-0.057638802
2023,Manurewa,Conservative,0.002363127
2023,Manurewa,Green,-0.056878768
2023,Manurewa,Labour,0.236778524
2023,Manurewa,Māori,-0.009628946
2023,Manurewa,National,-0.079308343
2023,Manurewa,NZ First,-0.025413472
2023,Manurewa,Opportunity,-0.015986425
2023,Manurewa,Other,0.005713104
2023,Maungakiekie,ACT,-0.008331041
2023,Maungakiekie,Conservative,-0.002236303
2023,Maungakiekie,Green,0.020434813
2023,Maungakiekie,Labour,0.018607147
2023,Maungakiekie,Māori,-0.020927976
2023,Maungakiekie,National,0.023531871
2023,Maungakiekie,NZ First,-0.022409662
2023,Maungakiekie,Opportunity,0.004116195
2023,Maungakiekie,Other,-0.012785046
2023,Mt Albert,ACT,-0.021232331
2023,Mt Albert,Conservative,-0.004036483
2023,Mt Albert,Green,0.104343204
2023,Mt Albert,Labour,0.011806467
2023,Mt Albert,Māori,-0.016027486
2023,Mt Albert,National,-0.042674749
2023,Mt Albert,NZ First,-0.028310252
2023,Mt Albert,Opportunity,0.012116995
2023,Mt Albert,Other,-0.015985366
2023,Mt Maunganui,ACT,0.025672359
2023,Mt Maunganui,Conservative,0.003564277
2023,Mt Maunganui,Green,-0.031770407
2023,Mt Maunganui,Labour,-0.092703984
2023,Mt Maunganui,Māori,-0.018127696
2023,Mt Maunganui,National,0.091438662
2023,Mt Maunganui,NZ First,0.023094889
2023,Mt Maunganui,Opportunity,-0.000984315
2023,Mt Maunganui,Other,-0.000183786
2023,Mt Roskill,ACT,-0.022638802
2023,Mt Roskill,Conservative,6.3127E-05
2023,Mt Roskill,Green,0.005021232
2023,Mt Roskill,Labour,0.020378524
2023,Mt Roskill,Māori,-0.022228946
2023,Mt Roskill,National,0.055291657
2023,Mt Roskill,NZ First,-0.022013472
2023,Mt Roskill,Opportunity,-0.002086425
2023,Mt Roskill,Other,-0.011786896
2023,Napier,ACT,0.025161198
2023,Napier,Conservative,-0.000836873
2023,Napier,Green,-0.030978768
2023,Napier,Labour,-0.004621476
2023,Napier,Māori,-0.021328946
2023,Napier,National,0.029791657
2023,Napier,NZ First,0.007686528
2023,Napier,Opportunity,-0.006986425
2023,Napier,Other,0.002113104
2023,Nelson,ACT,0.017181822
2023,Nelson,Conservative,0.001465007
2023,Nelson,Green,0.027849878
2023,Nelson,Labour,0.023836816
2023,Nelson,Māori,-0.022627346
2023,Nelson,National,-0.05604383
2023,Nelson,NZ First,0.00029869
2023,Nelson,Opportunity,0.002518496
2023,Nelson,Other,0.005520466
2023,New Plymouth,ACT,0.015451059
2023,New Plymouth,Conservative,-0.001937473
2023,New Plymouth,Green,-0.030687237
2023,New Plymouth,Labour,-0.026845553
2023,New Plymouth,Māori,-0.016430366
2023,New Plymouth,National,0.041649632
2023,New Plymouth,NZ First,0.011779299
2023,New Plymouth,Opportunity,-0.002488385
2023,New Plymouth,Other,0.009509024
2023,North Shore,ACT,0.023172109
2023,North Shore,Conservative,-0.003036383
2023,North Shore,Green,0.000632833
2023,North Shore,Labour,-0.092303944
2023,North Shore,Māori,-0.025728456
2023,North Shore,National,0.132342752
2023,North Shore,NZ First,-0.021909612
2023,North Shore,Opportunity,0.003116095
2023,North Shore,Other,-0.016285396
2023,Northcote,ACT,-0.000147381
2023,Northcote,Conservative,-0.002537413
2023,Northcote,Green,0.024407254
2023,Northcote,Labour,-0.035744663
2023,Northcote,Māori,-0.023229686
2023,Northcote,National,0.058047992
2023,Northcote,NZ First,-0.018617662
2023,Northcote,Opportunity,0.008210545
2023,Northcote,Other,-0.010388986
2023,Northland,ACT,0.015461198
2023,Northland,Conservative,0.000763127
2023,Northland,Green,-0.035678768
2023,Northland,Labour,-0.047321476
2023,Northland,Māori,-0.015228946
2023,Northland,National,-0.025508343
2023,Northland,NZ First,0.079186528
2023,Northland,Opportunity,-0.009586425
2023,Northland,Other,0.037913104
2023,Ōtāhuhu,ACT,-0.054541942
2023,Ōtāhuhu,Conservative,-0.000237643
2023,Ōtāhuhu,Green,-0.042086097
2023,Ōtāhuhu,Labour,0.26332543
2023,Ōtāhuhu,Māori,-0.018130196
2023,Ōtāhuhu,National,-0.10323588
2023,Ōtāhuhu,NZ First,-0.030416482
2023,Ōtāhuhu,Opportunity,-0.013387295
2023,Ōtāhuhu,Other,-0.001289896
2023,Pakuranga,ACT,0.012851319
2023,Pakuranga,Conservative,-0.002537413
2023,Pakuranga,Green,-0.044085897
2023,Pakuranga,Labour,-0.104737764
2023,Pakuranga,Māori,-0.025729436
2023,Pakuranga,National,0.206133183
2023,Pakuranga,NZ First,-0.023017222
2023,Pakuranga,Opportunity,-0.007587875
2023,Pakuranga,Other,-0.011288896
2023,Palmerston North,ACT,0.005852019
2023,Palmerston North,Conservative,0.001862147
2023,Palmerston North,Green,0.004709223
2023,Palmerston North,Labour,0.026249137
2023,Palmerston North,Māori,-0.014230586
2023,Palmerston North,National,-0.024443759
2023,Palmerston North,NZ First,0.002080269
2023,Palmerston North,Opportunity,0.000411325
2023,Palmerston North,Other,-0.002489776
2023,Papakura,ACT,0.005370329
2023,Papakura,Conservative,0.000463967
2023,Papakura,Green,-0.054172647
2023,Papakura,Labour,-0.038198533
2023,Papakura,Māori,-0.018627746
2023,Papakura,National,0.124741992
2023,Papakura,NZ First,-0.006908111
2023,Papakura,Opportunity,-0.010285245
2023,Papakura,Other,-0.002384006
2023,Port Waikato,ACT,0.033785143
2023,Port Waikato,Conservative,-0.000435373
2023,Port Waikato,Green,-0.057067106
2023,Port Waikato,Labour,-0.081984348
2023,Port Waikato,Māori,-0.021727166
2023,Port Waikato,National,0.120291437
2023,Port Waikato,NZ First,0.013301291
2023,Port Waikato,Opportunity,-0.010184045
2023,Port Waikato,Other,0.004020165
2023,Rangitata,ACT,0.014501374
2023,Rangitata,Conservative,0.001066728
2023,Rangitata,Green,-0.057555639
2023,Rangitata,Labour,-0.005316554
2023,Rangitata,Māori,-0.026827425
2023,Rangitata,National,0.068470489
2023,Rangitata,NZ First,0.01351614
2023,Rangitata,Opportunity,-0.009281303
2023,Rangitata,Other,0.001426189
2023,Rangitīkei,ACT,0.028872679
2023,Rangitīkei,Conservative,6.39271E-05
2023,Rangitīkei,Green,-0.046471877
2023,Rangitīkei,Labour,-0.003495063
2023,Rangitīkei,Māori,-0.018227706
2023,Rangitīkei,National,0.016531171
2023,Rangitīkei,NZ First,0.029195499
2023,Rangitīkei,Opportunity,-0.010485265
2023,Rangitīkei,Other,0.004016634
2023,Remutaka,ACT,-0.027238802
2023,Remutaka,Conservative,0.005763127
2023,Remutaka,Green,0.006221232
2023,Remutaka,Labour,0.108978524
2023,Remutaka,Māori,-0.018628946
2023,Remutaka,National,-0.073908343
2023,Remutaka,NZ First,-0.003113472
2023,Remutaka,Opportunity,0.005413575
2023,Remutaka,Other,-0.003486896
2023,Rotorua,ACT,0.011261198
2023,Rotorua,Conservative,0.007263127
2023,Rotorua,Green,-0.037778768
2023,Rotorua,Labour,-0.029821476
2023,Rotorua,Māori,-0.008228946
2023,Rotorua,National,0.037491657
2023,Rotorua,NZ First,0.016586528
2023,Rotorua,Opportunity,-0.004886425
2023,Rotorua,Other,0.008113104
2023,Selwyn,ACT,0.036561198
2023,Selwyn,Conservative,0.000363127
2023,Selwyn,Green,-0.024778768
2023,Selwyn,Labour,-0.087321476
2023,Selwyn,Māori,-0.025928946
2023,Selwyn,National,0.111791657
2023,Selwyn,NZ First,-0.005913472
2023,Selwyn,Opportunity,0.004713575
2023,Selwyn,Other,-0.009486896
2023,Southland,ACT,0.049674759
2023,Southland,Conservative,-0.000436123
2023,Southland,Green,-0.027269957
2023,Southland,Labour,-0.102404954
2023,Southland,Māori,-0.025828466
2023,Southland,National,0.101939712
2023,Southland,NZ First,-0.003807801
2023,Southland,Opportunity,-0.001584375
2023,Southland,Other,0.009717204
2023,Taieri,ACT,-0.007246671
2023,Taieri,Conservative,-0.001737493
2023,Taieri,Green,-0.007689537
2023,Taieri,Labour,0.073544408
2023,Taieri,Māori,-0.024829526
2023,Taieri,National,-0.044541749
2023,Taieri,NZ First,0.016078869
2023,Taieri,Opportunity,-0.000288605
2023,Taieri,Other,-0.003289696
2023,Takanini,ACT,-0.031338802
2023,Takanini,Conservative,0.001663127
2023,Takanini,Green,-0.056678768
2023,Takanini,Labour,0.020078524
2023,Takanini,Māori,-0.019528946
2023,Takanini,National,0.135591657
2023,Takanini,NZ First,-0.028413472
2023,Takanini,Opportunity,-0.013586425
2023,Takanini,Other,-0.007786896
2023,Tāmaki,ACT,0.034173209
2023,Tāmaki,Conservative,-0.004736553
2023,Tāmaki,Green,-0.006167847
2023,Tāmaki,Labour,-0.085603274
2023,Tāmaki,Māori,-0.022928176
2023,Tāmaki,National,0.132742792
2023,Tāmaki,NZ First,-0.031210542
2023,Tāmaki,Opportunity,0.001015885
2023,Tāmaki,Other,-0.017285496
2023,Tāmaki Makaurau,ACT,-0.076237832
2023,Tāmaki Makaurau,Conservative,-0.002836363
2023,Tāmaki Makaurau,Green,0.002533023
2023,Tāmaki Makaurau,Labour,0.160021289
2023,Tāmaki Makaurau,Māori,0.266500767
2023,Tāmaki Makaurau,National,-0.331103592
2023,Tāmaki Makaurau,NZ First,-0.025609982
2023,Tāmaki Makaurau,Opportunity,-0.012985515
2023,Tāmaki Makaurau,Other,0.019718205
2023,Taranaki-King Country,ACT,0.044861198
2023,Taranaki-King Country,Conservative,0.001463127
2023,Taranaki-King Country,Green,-0.047578768
2023,Taranaki-King Country,Labour,-0.090121476
2023,Taranaki-King Country,Māori,-0.018228946
2023,Taranaki-King Country,National,0.085991657
2023,Taranaki-King Country,NZ First,0.024586528
2023,Taranaki-King Country,Opportunity,-0.006786425
2023,Taranaki-King Country,Other,0.005813104
2023,Taupō,ACT,0.026761198
2023,Taupō,Conservative,-0.000936873
2023,Taupō,Green,-0.052378768
2023,Taupō,Labour,-0.047621476
2023,Taupō,Māori,-0.017728946
2023,Taupō,National,0.074891657
2023,Taupō,NZ First,0.019186528
2023,Taupō,Opportunity,-0.007486425
2023,Taupō,Other,0.005313104
2023,Tauranga,ACT,0.022172009
2023,Tauranga,Conservative,0.006664587
2023,Tauranga,Green,-0.029870217
2023,Tauranga,Labour,-0.086803394
2023,Tauranga,Māori,-0.019827866
2023,Tauranga,National,0.080337552
2023,Tauranga,NZ First,0.031395719
2023,Tauranga,Opportunity,-0.001384355
2023,Tauranga,Other,-0.002684036
2023,Te Tai Hauāuru,ACT,-0.075238802
2023,Te Tai Hauāuru,Conservative,-0.001636873
2023,Te Tai Hauāuru,Green,-0.038278768
2023,Te Tai Hauāuru,Labour,0.141878524
2023,Te Tai Hauāuru,Māori,0.316971054
2023,Te Tai Hauāuru,National,-0.332608343
2023,Te Tai Hauāuru,NZ First,-0.018613472
2023,Te Tai Hauāuru,Opportunity,-0.015386425
2023,Te Tai Hauāuru,Other,0.022913104
2023,Te Tai Tokerau,ACT,-0.075137722
2023,Te Tai Tokerau,Conservative,-0.001636243
2023,Te Tai Tokerau,Green,-0.020969327
2023,Te Tai Tokerau,Labour,0.169522239
2023,Te Tai Tokerau,Māori,0.236897807
2023,Te Tai Tokerau,National,-0.325703052
2023,Te Tai Tokerau,NZ First,0.004293009
2023,Te Tai Tokerau,Opportunity,-0.014785695
2023,Te Tai Tokerau,Other,0.027518985
2023,Te Tai Tonga,ACT,-0.063838802
2023,Te Tai Tonga,Conservative,-0.001336873
2023,Te Tai Tonga,Green,0.040221232
2023,Te Tai Tonga,Labour,0.102878524
2023,Te Tai Tonga,Māori,0.198771054
2023,Te Tai Tonga,National,-0.294808343
2023,Te Tai Tonga,NZ First,-0.005513472
2023,Te Tai Tonga,Opportunity,-0.004086425
2023,Te Tai Tonga,Other,0.027713104
2023,Tukituki,ACT,0.036461198
2023,Tukituki,Conservative,0.004963127
2023,Tukituki,Green,-0.035978768
2023,Tukituki,Labour,-0.013721476
2023,Tukituki,Māori,-0.020728946
2023,Tukituki,National,0.033391657
2023,Tukituki,NZ First,0.000586528
2023,Tukituki,Opportunity,-0.007886425
2023,Tukituki,Other,0.002913104
2023,Upper Harbour,ACT,0.007742462
2023,Upper Harbour,Conservative,-0.000838293
2023,Upper Harbour,Green,-0.020197804
2023,Upper Harbour,Labour,-0.082558488
2023,Upper Harbour,Māori,-0.024730126
2023,Upper Harbour,National,0.154884959
2023,Upper Harbour,NZ First,-0.02182121
2023,Upper Harbour,Opportunity,-0.000690704
2023,Upper Harbour,Other,-0.011790795
2023,Waiariki,ACT,-0.078339562
2023,Waiariki,Conservative,-0.002137453
2023,Waiariki,Green,-0.059384367
2023,Waiariki,Labour,0.160535709
2023,Waiariki,Māori,0.341933798
2023,Waiariki,National,-0.344011802
2023,Waiariki,NZ First,-0.023417182
2023,Waiariki,Opportunity,-0.016586975
2023,Waiariki,Other,0.021407835
2023,Waikato,ACT,0.036173409
2023,Waikato,Conservative,0.000563977
2023,Waikato,Green,-0.060573287
2023,Waikato,Labour,-0.092003914
2023,Waikato,Māori,-0.021027986
2023,Waikato,National,0.123241842
2023,Waikato,NZ First,0.016094189
2023,Waikato,Opportunity,-0.004984715
2023,Waikato,Other,0.002516484
2023,Waimakariri,ACT,0.019482282
2023,Waimakariri,Conservative,0.004965708
2023,Waimakariri,Green,-0.030061704
2023,Waimakariri,Labour,-0.026073166
2023,Waimakariri,Māori,-0.025527926
2023,Waimakariri,National,0.047576894
2023,Waimakariri,NZ First,0.009600551
2023,Waimakariri,Opportunity,1.79959E-05
2023,Waimakariri,Other,1.93653E-05
2023,Wairarapa,ACT,0.021482682
2023,Wairarapa,Conservative,-0.002135713
2023,Wairarapa,Green,-0.032962285
2023,Wairarapa,Labour,0.003432735
2023,Wairarapa,Māori,-0.020526926
2023,Wairarapa,National,0.006468673
2023,Wairarapa,NZ First,0.022603151
2023,Wairarapa,Opportunity,-0.005983204
2023,Wairarapa,Other,0.007620886
2023,Waitākere,ACT,-0.007238802
2023,Waitākere,Conservative,-0.000736873
2023,Waitākere,Green,0.052521232
2023,Waitākere,Labour,0.015078524
2023,Waitākere,Māori,-0.015928946
2023,Waitākere,National,-0.032308343
2023,Waitākere,NZ First,-0.008913472
2023,Waitākere,Opportunity,-0.000586425
2023,Waitākere,Other,-0.001886896
2023,Waitaki,ACT,0.036761198
2023,Waitaki,Conservative,0.000663127
2023,Waitaki,Green,-0.025378768
2023,Waitaki,Labour,-0.053021476
2023,Waitaki,Māori,-0.026528946
2023,Waitaki,National,0.053591657
2023,Waitaki,NZ First,0.009086528
2023,Waitaki,Opportunity,-0.002486425
2023,Waitaki,Other,0.007313104
2023,Wellington Bays,ACT,-0.04684662
2023,Wellington Bays,Conservative,-0.005437373
2023,Wellington Bays,Green,0.218954365
2023,Wellington Bays,Labour,0.033618276
2023,Wellington Bays,Māori,-0.006833705
2023,Wellington Bays,National,-0.171549754
2023,Wellington Bays,NZ First,-0.029319711
2023,Wellington Bays,Opportunity,0.022204717
2023,Wellington Bays,Other,-0.014790195
2023,Wellington North,ACT,-0.036238802
2023,Wellington North,Conservative,-0.005736873
2023,Wellington North,Green,0.218321232
2023,Wellington North,Labour,-0.011221476
2023,Wellington North,Māori,-0.010328946
2023,Wellington North,National,-0.127908343
2023,Wellington North,NZ First,-0.036613472
2023,Wellington North,Opportunity,0.030713575
2023,Wellington North,Other,-0.020986896
2023,West Coast-Tasman,ACT,0.044061198
2023,West Coast-Tasman,Conservative,0.000463127
2023,West Coast-Tasman,Green,-0.008278768
2023,West Coast-Tasman,Labour,-0.031421476
2023,West Coast-Tasman,Māori,-0.023728946
2023,West Coast-Tasman,National,-0.045908343
2023,West Coast-Tasman,NZ First,0.037886528
2023,West Coast-Tasman,Opportunity,-0.003286425
2023,West Coast-Tasman,Other,0.030213104
2023,Whanganui,ACT,0.011170909
2023,Whanganui,Conservative,0.002564177
2023,Whanganui,Green,-0.039271157
2023,Whanganui,Labour,0.005705857
2023,Whanganui,Māori,-0.014727356
2023,Whanganui,National,-0.009971479
2023,Whanganui,NZ First,0.052497829
2023,Whanganui,Opportunity,-0.010085225
2023,Whanganui,Other,0.002116444
2023,Whangaparāoa,ACT,0.031961198
2023,Whangaparāoa,Conservative,0.003963127
2023,Whangaparāoa,Green,-0.039178768
2023,Whangaparāoa,Labour,-0.113121476
2023,Whangaparāoa,Māori,-0.026028946
2023,Whangaparāoa,National,0.150291657
2023,Whangaparāoa,NZ First,0.003186528
2023,Whangaparāoa,Opportunity,-0.006786425
2023,Whangaparāoa,Other,-0.004286896
2023,Whangārei,ACT,0.005252079
2023,Whangārei,Conservative,0.001762157
2023,Whangārei,Green,-0.022388067
2023,Whangārei,Labour,-0.046143624
2023,Whangārei,Māori,-0.017030306
2023,Whangārei,National,-0.002345969
2023,Whangārei,NZ First,0.070273449
2023,Whangārei,Opportunity,-0.005488085
2023,Whangārei,Other,0.016108365
2023,Wigram,ACT,-0.011246271
2023,Wigram,Conservative,0.001262207
2023,Wigram,Green,0.013908303
2023,Wigram,Labour,0.004551307
2023,Wigram,Māori,-0.022929716
2023,Wigram,National,0.012252571
2023,Wigram,NZ First,-0.010618461
2023,Wigram,Opportunity,0.019909375
2023,Wigram,Other,-0.007089316
